RK,Team,CONF,G,W,ADJOE,ADJDE,BARTHAG,EFG_O,EFG_D,TOR,TORD,ORB,DRB,FTR,FTRD,2P_O,2P_D,3P_O,3P_D,3PR,3PRD,ADJ_T,WAB,WinPercentage,PPG,PAPG,KenPomRank,NetRTG,Luck,SoS,Seed,Tournament_Rank
1,Houston,B12,34,30,124.8,88,0.9823,52.7,44.9,14.6,21.7,36.1,29.3,28.2,34.1,49,43.9,39.8,30.9,34.5,43.1,61.4,11.6,0.882352941,76.6272,54.032,2,36.59,0.02,15.63,1,3
2,Duke,ACC,34,31,128.5,91.3,0.9807,57.4,44.5,14.4,17.7,35.2,26.5,32.1,25.4,58,43.4,37.7,30.9,45.4,37.9,65.7,9.6,0.911764706,84.4245,59.9841,1,39.29,-0.026,11.51,1,2
3,Auburn,SEC,33,28,129,93.7,0.9756,55.7,46,13.4,17.4,34.3,30.3,33.5,39.2,56.1,47.2,36.8,29.2,40.6,34.8,67.8,12.5,0.848484848,87.462,63.5286,4,35.05,0.026,19.63,1,1
4,Florida,SEC,34,30,127.7,94,0.9713,55,45.3,15,17,38.1,28.8,32.6,33,56.4,45.9,35.5,29.6,43.6,37.3,69.5,11.1,0.882352941,88.7515,65.33,3,36.46,0.032,16.15,1,4
5,Alabama,SEC,33,25,127.6,96.4,0.9621,56.3,47.9,16.7,13.5,34.7,29.2,40.1,33.9,59.7,48.8,35,30.8,46.2,35.1,74.6,9.8,0.757575758,95.1896,71.9144,6,30.34,0.036,20.14,2,7
6,Tennessee,SEC,34,27,119.3,91.1,0.957,52.8,44.4,16,17.8,35.4,30.1,35.4,29.4,54.1,46.7,34,27.8,43,45.1,63.8,9.3,0.794117647,76.1134,58.1218,5,30.93,0.029,16.8,2,6
7,Texas Tech,B12,33,25,126,96.7,0.9546,55.5,48,14.8,17.4,34.3,28.5,29.7,33.5,54.3,48.2,37.9,31.7,44.6,34.1,65.6,5.8,0.757575758,82.656,63.4352,9,27.92,-0.037,12.19,3,12
8,Iowa St.,B12,33,24,118.9,92.3,0.9481,54.6,48.4,16.9,21.8,32.2,28.4,38.5,28.9,55.1,47.5,35.8,33.2,36.9,40.7,68.5,5.4,0.727272727,81.4465,63.2255,11,26.65,-0.051,12.83,3,9
9,Arizona,B12,34,22,123.9,96.5,0.9469,52.9,48.6,16.2,16.6,35.9,28.5,36.6,29.2,55.1,47.2,32.4,33.6,34.6,41.9,69.9,5.4,0.647058824,86.6061,67.4535,13,26.35,-0.048,16.93,4,15
10,Maryland,B10,33,25,117.8,92,0.9449,53.8,47,14.5,20.2,31,27.2,32.9,25.9,52.7,47.6,37.2,30.7,35.5,35.8,69.8,4.6,0.757575758,82.2244,64.216,10,27.07,-0.028,12.51,4,13
11,Gonzaga,WCC,33,25,123.3,96.4,0.9441,55.7,47.5,13.2,18.2,32.7,26.4,30.9,28.6,57.8,49.1,34.4,30.2,33.5,40.6,70.1,2.7,0.757575758,86.4333,67.5764,8,28.01,-0.082,8.09,8,30
12,Wisconsin,B10,35,26,122.4,96.1,0.9418,53.6,47.9,14.1,14.5,28,26.6,33.8,28.1,54.7,46.8,34.9,33,48.1,39.1,67.5,5.9,0.742857143,82.62,64.8675,12,26.57,-0.047,14.53,3,10
13,Michigan St.,B10,33,27,116.8,91.8,0.941,51.2,46.1,16.6,16.4,35.3,24.6,37.8,33.1,53.6,49.1,30.8,27.9,32.7,41.4,67.9,7.8,0.818181818,79.3072,62.3322,7,28.48,-0.008,14.72,2,8
14,BYU,B12,33,24,125.4,99.1,0.9377,57.2,50.6,17.6,17.2,33.3,26.1,30.2,29.5,58.6,49.3,37.1,34.8,48.3,44.4,67.2,4.8,0.727272727,84.2688,66.5952,26,22.31,0.05,12.66,6,23
15,St. John's,BE,34,30,112.6,89.1,0.9364,49.7,46.6,15.6,21.9,37.3,28.9,30.2,30.4,51.5,45.8,30.4,31.8,30.3,40.8,70.1,7.8,0.882352941,78.9326,62.4591,14,26.06,-0.017,9.16,2,5
16,Missouri,SEC,33,22,127,100,0.9344,56.2,50.7,15.2,20,33.7,32.2,46.8,35.3,56.7,51.1,37,33.4,41.5,38.2,68.1,3,0.666666667,86.487,68.1,19,23.57,-0.055,13.34,6,21
17,Kentucky,SEC,33,22,123.9,98.7,0.9315,56,50.4,15.2,14,28.7,25.9,35.9,31,55.9,53.7,37.4,30.8,41.7,43.5,70.9,5.6,0.666666667,87.8451,69.9783,16,24.54,0.01,18.23,3,11
18,Purdue,B10,33,22,125,100,0.9289,56.3,52,15.6,17.8,31,29.9,34.6,31,55.5,56.4,38.5,30.7,38.1,42.7,65,4.3,0.666666667,81.25,65,15,25.36,-0.016,16.76,4,14
19,Louisville,ACC,34,27,118.3,94.7,0.9288,53.4,49.2,16.5,18.6,32.2,27.2,34.5,26.8,57,48.3,33,33.7,48.1,39.7,68.8,5.5,0.794117647,81.3904,65.1536,28,21.73,0.054,10.57,8,32
20,Kansas,B12,33,21,116.1,93,0.9274,53.1,46.2,16.7,15.6,30.4,27.5,24.3,28,53.4,46.1,35.2,30.9,34.3,40.7,68.3,4.1,0.636363636,79.2963,63.519,24,22.94,-0.034,15.79,7,28
21,Clemson,ACC,33,27,118.3,94.8,0.9272,53.6,48.9,15.7,20.1,33.7,29.9,28.2,27.6,52.3,49.3,37.2,32.2,38.4,38.3,64.3,4.9,0.818181818,76.0669,60.9564,23,23.22,-0.046,8.32,5,19
22,Texas A&M,SEC,32,22,115.7,93.1,0.9237,47.5,48.2,18.2,19.7,42,27.8,41.7,35.3,48,46.5,31.1,33.4,37.6,47,66.1,5.2,0.6875,76.4777,61.5391,18,23.66,0.001,16.52,4,16
23,Illinois,B10,33,21,122.2,98.5,0.9228,52.3,47.3,15.8,12.7,36,26.3,34.6,26.8,57.3,46.1,31.1,33.3,46.9,30.4,71.3,3.4,0.636363636,87.1286,70.2305,17,24.32,-0.022,17.14,6,22
24,Saint Mary's,WCC,33,28,115,92.8,0.9217,50.9,46.2,15.1,16.6,40.5,24.9,31.4,25,51.8,45.8,32.6,31.2,33.4,31.3,61.8,4.1,0.848484848,71.07,57.3504,25,22.73,0.014,6.61,7,26
25,UCLA,B10,32,22,117.9,95.3,0.9205,53,50.5,15.9,22.8,32.8,29.2,32.9,34.6,53.1,51.2,35.2,33.2,36,44.8,65,3.3,0.6875,76.635,61.945,20,23.46,-0.019,14.09,7,27
26,Michigan,B10,34,25,115.1,94.4,0.9072,54.5,46.3,19.8,16,33.2,29.8,35,28.5,57.7,45.9,33.4,31.3,42.5,38.9,69.4,6.2,0.735294118,79.8794,65.5136,21,23.45,0.072,16.57,5,17
27,Baylor,B12,33,19,120.5,99.3,0.9027,51.5,51.2,16.1,18.8,35.6,31.2,31,33.5,51.2,49.8,34.7,35.4,40.2,40.8,64.6,2,0.575757576,77.843,64.1478,30,20.83,-0.036,16.72,9,34
28,Mississippi,SEC,33,22,117.4,96.9,0.9003,51.1,50.5,12.8,20.5,25.4,30.8,35.6,39.5,51,51.6,34.1,32.7,40.2,44,68,4.8,0.666666667,79.832,65.892,22,23.34,0.013,16.98,6,24
29,VCU,A10,34,28,116.2,96,0.9002,52.4,44.4,16.8,20.6,36.7,30,32.2,36.1,54.2,43.6,33.5,30.6,47.4,35.3,66.1,1.1,0.823529412,76.8082,63.456,34,19.53,-0.054,1.32,11,42
30,Georgia,SEC,32,20,115.9,95.8,0.8999,52.5,47.2,18.8,18,36.1,31.8,39.8,30.4,53.8,47.8,33.5,30.9,36.8,40.6,66.4,2,0.625,76.9576,63.6112,38,18.57,-0.002,14.18,9,35
31,Marquette,BE,33,23,116.7,96.5,0.8983,52,49.9,13.5,21.5,30.1,31,26.1,30.2,54.9,51.3,32.5,31.8,46.3,39.8,67.7,3.6,0.696969697,79.0059,65.3305,29,21.01,-0.021,12.78,7,25
32,Mississippi St.,SEC,33,21,118.3,98.8,0.8888,51.7,51.9,15.1,19,34.1,29.5,31.6,35.4,55.2,50.1,31.4,36.1,42.3,44.2,68,3,0.636363636,80.444,67.184,33,20.02,-0.002,15.11,8,31
33,Creighton,BE,34,24,117.3,98.2,0.8852,55.8,47,18.1,11.7,26.9,27.2,28.5,16.9,60.5,45.8,33.9,32.7,49,35.2,67.1,3.1,0.705882353,78.7083,65.8922,35,19.44,0.044,12.52,9,33
34,West Virginia,B12,32,19,110.1,92.3,0.8836,50,46.3,16.2,19.4,25.9,30.8,25.6,32.2,50.9,47.3,32.6,29.7,46.1,36.5,64.2,1.5,0.59375,70.6842,59.2566,53,15.11,0.023,13.19,,
35,Connecticut,BE,33,23,121.6,102,0.8829,55.5,48.3,17.1,15.5,35.6,27.4,30.6,40,57.3,46,35.4,35.1,42.6,34.2,63.8,2.2,0.696969697,77.5808,65.076,32,20.18,-0.027,11.08,8,29
36,North Carolina,ACC,35,22,118.8,99.8,0.8814,54.2,49.6,15.1,15.2,29.2,27.1,34.8,30,54.9,49.2,35.3,33.5,37,37.9,70.6,1.4,0.628571429,83.8728,70.4588,31,20.33,-0.03,12.57,11,41
37,Xavier,BE,32,21,116.3,97.8,0.8797,53.9,50.6,16,17.6,25.2,25.2,37.2,28.1,51.3,50.5,38.8,33.9,37.4,37.2,69,0.35,0.65625,80.247,67.482,43,17.19,-0.016,10.29,11,43
38,Colorado St.,MWC,34,25,116.9,98.6,0.8761,55.8,48.5,17.4,16.7,26.4,25.3,31.8,33.6,56.5,47.7,36.6,33.1,42.8,37.9,66,0.9,0.735294118,77.154,65.076,42,17.61,0.013,6.55,12,45
39,Oregon,B10,33,24,115.1,97.3,0.8744,52.2,49.1,16.2,17.6,30.6,29.2,33.4,27.7,53,50,34,31.7,38.6,37.4,67.7,5.3,0.727272727,77.9227,65.8721,27,21.85,0.063,15.19,5,18
40,New Mexico,MWC,33,26,111.7,94.9,0.8673,50.8,49.2,15.6,20.5,31.5,25.6,37.8,35,50.6,48.2,34.1,33.8,32.2,38.3,73.1,2.8,0.787878788,81.6527,69.3719,41,17.78,-0.002,7.33,10,40
41,Ohio St.,B10,32,17,116.8,99.5,0.8632,53.5,48.6,15.6,16.8,28.9,30.5,35.8,39.9,52.6,50.3,36.8,30.5,37.7,37.6,67,-1,0.53125,78.256,66.665,37,19.08,-0.07,15.21,,
42,Vanderbilt,SEC,32,20,118.6,101.2,0.8621,51.7,52.9,14.7,20,32.2,29.7,34,39,53.6,51.5,32.5,36.9,40.2,37.5,69.6,1.5,0.625,82.5456,70.4352,48,16.23,0.01,13.38,10,39
43,Arkansas,SEC,33,20,111.9,95.4,0.8616,52.7,48.3,16.5,17.5,27.6,28.3,35.5,29.4,54.4,48.5,33.3,31.9,36.7,39.5,69.3,1.2,0.606060606,77.5467,66.1122,36,19.33,-0.007,15.21,10,37
44,Cincinnati,B12,33,18,111.6,95.3,0.859,50.9,48.6,15.5,19.7,32.3,30.1,23.4,24.3,52.6,48,32,33.2,38.1,34.2,65.2,-1,0.545454545,72.7632,62.1356,55,14.86,-0.055,11.16,,
45,UC San Diego,BW,34,30,113.5,97,0.8589,55.4,47.7,13.4,23.3,25.6,28.4,33.8,29.8,56.1,46.2,36.5,33.1,49.6,44.3,65.8,1.2,0.882352941,74.683,63.826,39,18.25,-0.005,-1.44,12,48
46,Oklahoma,SEC,33,20,117.7,100.9,0.8549,54.9,51.1,17.3,18.1,26.5,31.7,39.6,35.8,54.6,54.9,37,30.5,41.9,41.9,68.4,2.1,0.606060606,80.5068,69.0156,40,17.95,-0.004,14.9,9,36
47,SMU,ACC,33,23,116.8,100.3,0.8529,54.7,47.8,17.4,17.9,36.7,30.5,36.7,32.5,53.7,46.8,37.6,32.9,35.1,41,68.8,-0.3,0.696969697,80.3584,69.0064,50,15.42,0.001,5.58,,
48,Utah St.,MWC,33,26,122.6,105.2,0.8528,56,51.8,16,20.2,34.6,30.3,37.6,36.2,57.7,52.6,35.8,33.8,42.3,44.4,67.6,2.3,0.787878788,82.8776,71.1152,61,14,0.092,6.11,10,38
49,Texas,SEC,34,19,116.7,100.2,0.8524,52.5,48.4,14.3,16.6,29.8,29.7,36.6,39.3,51.8,47.5,36,33.3,35.4,36.2,67.3,0.04,0.558823529,78.5391,67.4346,47,16.9,-0.067,14.25,,
50,Boise St.,MWC,34,24,115.4,99.1,0.8519,52.1,49.6,16.9,16.1,33.2,22.6,39.2,31.1,56.3,48.6,31,34.2,43.3,36.2,65.2,0.15,0.705882353,75.2408,64.6132,49,16.04,0.001,6.6,,
51,Santa Clara,WCC,32,20,115.7,99.7,0.8469,55.5,49.5,17,16.9,32.8,26.9,28.9,31.9,54.6,51.7,37.7,30.7,46.8,39.7,68.9,-3.4,0.625,79.7173,68.6933,59,14.34,-0.066,3.72,,
52,Villanova,BE,33,19,118.6,102.5,0.8431,54.9,51.1,15.6,16,30.2,27.4,28.9,30.1,51.1,50.3,39.8,34.7,43.6,45.9,63.1,-2.9,0.575757576,74.8366,64.6775,56,14.74,-0.066,8.19,,
53,San Diego St.,MWC,30,21,108.9,94.3,0.8388,50.6,45.3,16.8,19.7,29.4,30.9,32.1,37.2,51.6,45,32.8,30.4,39.4,47.3,65.8,0.9,0.7,71.6562,62.0494,51,15.13,0.028,9.2,,
54,Northwestern,B10,33,17,113.3,98.1,0.8387,49.8,49.9,14.9,19.8,31.2,30.1,31.3,36.6,49.7,49.4,33.3,33.8,34.2,39.3,64.9,-2.6,0.515151515,73.5317,63.6669,44,17.02,-0.089,13.07,,
55,Indiana,B10,32,19,112.4,97.8,0.8317,51.1,49.8,16.7,16.4,31.5,28.1,33.1,29.6,52.6,50.3,32.1,32.7,33.2,38.9,68,0.3,0.59375,76.432,66.504,45,16.98,0.024,14.13,,
56,Liberty,CUSA,34,28,112.8,98.2,0.8308,58.4,45.9,15.3,16.9,18.9,28,30.9,26.3,57.7,48,39.5,28,47.7,34.4,65.4,-0.3,0.823529412,73.7712,64.2228,64,12.46,0.037,1.06,12,47
57,Kansas St.,B12,33,16,109.8,95.9,0.8249,50.6,49,17.7,18.1,29.4,31.7,27.6,28.6,51.8,49.9,32.5,31.5,40.2,35.7,67,-2.5,0.484848485,73.566,64.253,65,12.17,-0.037,12.81,,
58,Drake,MVC,33,30,112.5,98.5,0.8229,53.8,51.7,18.6,22.1,36,25.8,43,35.8,54.6,54.3,35,31.8,36.8,39.1,58.6,2.3,0.909090909,65.925,57.721,52,15.12,0.021,1.23,11,44
59,USC,B10,33,16,116.8,102.8,0.8142,54.6,52.4,17.8,17.8,28.2,30.9,36.4,34.9,54.3,54.3,36.7,32.9,34.7,38.5,68.2,-3.8,0.484848485,79.6576,70.1096,57,14.39,-0.057,12.67,,
60,Memphis,Amer,34,29,111.7,98.7,0.8059,53.6,48.5,19.2,19.1,35.1,32.3,39.4,33.6,52,48.6,38,32.2,33.1,40.7,70.7,4.9,0.852941176,78.9719,69.7809,54,15.1,0.085,6.51,5,20
61,San Francisco,WCC,33,24,111,98.1,0.8048,53,48.7,17,18.2,29,28.1,35,35.9,54.7,52.1,34,28.3,43.6,35.1,67.7,0,0.727272727,75.147,66.4137,66,12.15,0.04,3.4,,
62,Nebraska,B10,31,17,111.9,99.2,0.7987,51.5,50.9,16.2,17.6,26.8,28.8,36,27,53.3,50.6,32.5,34.1,38.5,46.2,67.5,-1.4,0.548387097,75.5325,66.96,46,16.98,0.017,12.81,,
63,McNeese St.,Slnd,33,27,113.4,100.7,0.7962,53.3,47.5,16.2,21.6,34.7,31.3,35.7,31.4,53.2,46.9,35.6,32.2,36.7,46.6,65.2,-0.9,0.818181818,73.9368,65.6564,60,14.24,-0.008,-0.61,12,46
64,Penn St.,B10,31,16,113.6,100.9,0.7956,54.1,51.9,17.4,19.8,28.6,29.1,37.9,29.4,55.6,51.2,34.3,35.3,36.2,38.3,70.1,-3.7,0.516129032,79.6336,70.7309,58,14.36,-0.093,10.08,,
65,Arizona St.,B12,32,13,113.2,100.8,0.7915,51.4,50.5,17.5,16,25.2,30.4,35.9,31.2,49.8,51.4,35.8,32.9,42.8,40.3,68.3,-3.1,0.40625,77.3156,68.8464,73,11.03,-0.027,15.66,,
66,Iowa,B10,33,17,119.4,106.6,0.7877,56.8,54.4,13.7,17.9,25.1,32.2,26,28.3,56.6,56.2,38,34.4,41,38.8,69.7,-2.4,0.515151515,83.2218,74.3002,62,13.56,-0.037,13.06,,
67,Utah,B12,32,16,112.5,100.5,0.7866,51.7,48.7,18.1,15.7,34.9,28.4,37,33.4,53.9,47.4,32.6,33.8,43.8,40,68.8,-3,0.5,77.4,69.144,76,10.5,-0.063,10.61,,
68,Rutgers,B10,32,15,115.7,103.7,0.7783,50.6,52.8,15.4,17.4,30.8,32.2,36.2,30.5,51.3,52.9,32.9,35.1,36.3,37.7,68.6,-3.6,0.46875,79.3702,71.1382,70,11.5,-0.012,14.07,,
69,UCF,B12,33,17,115.5,103.6,0.7767,49.4,51.1,17.2,18.1,32.4,34.4,36.3,30.8,48.6,52.1,33.6,33,41.3,37,71.7,-2,0.515151515,82.8135,74.2812,67,11.95,0.047,12.27,,
70,Wake Forest,ACC,32,21,107.9,97.1,0.7722,49.4,47.2,16.7,19.7,26.8,31.5,36.1,31.5,52.9,48.2,28.5,30.7,35.2,45.8,67.1,0.6,0.65625,72.4009,65.1541,72,11.18,0.088,8.52,,
71,George Mason,A10,34,26,105.7,95.1,0.7721,51.5,45,20,18.9,32.1,29.1,41.7,31.5,50.7,44.6,35.3,30.3,35.8,45.5,64.6,-0.2,0.764705882,68.2822,61.4346,79,9.46,0.063,0.69,,
72,Pittsburgh,ACC,32,17,113.9,102.7,0.7664,52.2,51.1,14.8,18.3,29,29.9,34.2,32.8,52.4,50.4,34.6,34.7,41.4,41.3,66.4,-3.7,0.53125,75.6296,68.1928,63,13.5,-0.068,8.6,,
73,North Texas,Amer,32,24,109.2,98.7,0.7627,51.6,46.8,17,19.5,33.1,27.7,36.6,39.5,50.5,47.6,35.7,30.3,37.3,37.7,60.4,-1.8,0.75,65.9568,59.6148,71,11.3,-0.012,1.88,,
74,TCU,B12,32,16,106.3,96.1,0.7608,46.8,50.9,17.3,19.5,33,29.6,33.5,28.3,47.8,53.4,30,31.6,34.7,42.5,66.4,-1.7,0.5,70.5832,63.8104,86,8.82,0.03,13.1,,
75,Stanford,ACC,33,20,112.3,101.6,0.7595,50.4,50.6,15.8,17.6,31.1,28.2,29.7,36,49.9,50.9,34.1,33.4,41.4,34.1,66,-2.6,0.606060606,74.118,67.056,81,9.26,0.029,5.38,,
76,South Carolina,SEC,32,12,109.8,99.4,0.7579,48.9,51.5,18.4,15.6,30.4,27.3,43.3,30.4,49.8,51.1,31.6,34.8,39,34.6,65.3,-5.6,0.375,71.6994,64.9082,69,11.51,-0.088,14.55,,
77,Butler,BE,33,14,116,105.3,0.754,53,49.4,16.4,11.5,26.4,29.3,37.3,20.4,51.7,50.9,36.6,31.3,40.9,36.8,67.3,-6.1,0.424242424,78.068,70.8669,75,10.54,-0.068,11.61,,
78,Dayton,A10,32,22,114.7,104.3,0.7471,52.6,50.4,15.5,17.7,29.6,28.8,37.9,30.7,52.1,51.9,35.6,32.3,40.4,42.4,65.7,-1.5,0.6875,75.3579,68.5251,77,9.98,0.039,4.86,,
79,Yale,Ivy,29,22,113.9,103.7,0.7461,54.8,48.8,14.4,16.1,33.2,25.8,32,28.7,53.4,47.3,38.5,33.7,32,48,67.2,-2.7,0.75862069,76.5408,69.6864,74,11.02,-0.048,-1.85,13,49
80,UC Irvine,BW,34,28,106.4,96.9,0.7446,51.6,46.2,18.3,17.9,28.5,25.9,36.3,21.9,51,43.3,35.2,34,35.1,37.8,68.7,0.21,0.823529412,73.0968,66.5703,68,11.75,0.061,0.88,,
81,Colorado,B12,34,14,108.5,98.9,0.7426,50.6,49.5,21,16.4,28.9,28.3,36.3,34.8,51.9,48.5,32.2,34.1,37.3,39.1,67.5,-4.4,0.411764706,73.2375,66.7575,87,8.73,-0.039,13.59,,
82,Saint Joseph's,A10,34,22,110.7,101.1,0.7393,52.1,47.1,16.6,16.1,30.4,27.4,32.3,25.9,53.1,45.5,34,33.5,46.5,33.3,68,-4.7,0.647058824,75.276,68.748,85,9.07,-0.07,0.51,,
83,Grand Canyon,WAC,33,26,108.5,99.5,0.7316,51.2,47,18.4,20.6,32.5,28.6,43.9,32.2,53.2,46.4,31.6,32.1,33.6,34.4,71.5,-2.5,0.787878788,77.5775,71.1425,101,6.29,0.06,-3.03,13,52
84,LSU,SEC,32,14,108.5,99.6,0.7284,51.1,48.3,18.6,16.5,29.5,34.3,32.5,29.5,55.2,48.2,30.5,32.3,43.5,35.8,68,-4,0.4375,73.78,67.728,88,8.72,-0.062,14.03,,
85,High Point,BSth,34,29,117.7,108.1,0.7262,56.4,49.1,15.3,16.5,34,29.9,37.6,36.3,57.4,48.9,36.6,32.9,39,36,66.5,-1.8,0.852941176,78.2705,71.8865,82,9.15,0.015,-4.82,13,51
86,Minnesota,B10,32,15,109.9,101.5,0.7148,49.9,50.1,16.6,16.3,30.2,30.6,31.5,33,50.7,49.2,32.2,34.5,35.9,34.3,62.6,-4.5,0.46875,68.7974,63.539,83,9.15,0.025,12.35,,
87,Oklahoma St.,B12,32,15,107.8,99.6,0.7137,48.3,53.5,19.1,20.6,31,29.4,41.6,36.2,48,54.6,32.5,34.8,35.1,43.7,71.3,-3.5,0.46875,76.8614,71.0148,97,6.91,0.078,11.49,,
88,Nevada,MWC,33,17,112.1,103.8,0.7075,53.7,51.3,15.5,18.7,27.4,26.5,37.3,37.9,55.3,49.5,34.1,35.7,37.5,44.7,63.8,-6.4,0.515151515,71.5198,66.2244,78,9.76,-0.093,5.22,,
89,UNLV,MWC,33,18,106.9,99.2,0.7024,49.7,49.3,16.2,17.8,27.3,29.8,35.8,32,49.6,50.5,33.3,31.9,34.6,43.4,65.7,-5,0.545454545,70.2333,65.1744,93,7.21,0.01,5.73,,
90,Georgia Tech,ACC,33,17,107.4,99.8,0.6993,50.4,48.8,17.4,15.6,30.5,28.6,31.2,28.5,49.9,46.7,34.1,34.6,36.2,40.5,68.7,-5.1,0.515151515,73.7838,68.5626,103,5.87,-0.001,6.07,,
91,Oregon St.,WCC,32,20,116,108,0.695,54.6,51.1,16.6,16.6,31.8,27.6,38.9,32.3,54.5,50.4,36.5,34.7,35.9,41.2,63.7,-4.4,0.625,73.892,68.796,80,9.37,-0.045,1.4,,
92,St. Bonaventure,A10,33,22,106.5,99.2,0.6927,50.2,49.7,16,18.7,28,26.9,30.9,24.4,51.9,50.8,31.4,32.3,34.9,47.6,64.2,-4.1,0.666666667,68.373,63.6864,123,3.82,0.047,0.84,,
93,Florida St.,ACC,32,17,107.8,100.5,0.6917,50.7,48.5,17.4,19.1,29.7,31.8,39.4,37.5,52.3,48.9,31.7,32,33.7,42.1,69.6,-5.1,0.53125,75.0288,69.948,91,8.2,-0.007,6.24,,
94,Georgetown,BE,32,17,107.1,99.9,0.69,50.4,49.4,17.1,19.6,31.6,28.9,25.8,29.3,52.1,48.5,31.8,33.8,37.4,39.6,68.2,-4.7,0.53125,73.0422,68.1318,90,8.49,-0.029,6.72,,
95,Arkansas St.,SB,34,24,109.7,102.5,0.685,49.3,45.7,15,17.1,33.9,30.6,34.2,37.6,50.5,46,31.8,30.1,44.6,35,69.6,-4.7,0.705882353,76.3512,71.34,84,9.13,-0.052,-1.63,,
96,Virginia,ACC,32,15,111.6,104.5,0.6819,52.7,50.8,16.4,15.7,22.4,29.7,26.4,28.8,49.9,50.6,37.5,34.1,42.8,38.7,60.9,-5.6,0.46875,67.9644,63.6405,106,5.02,0.016,8.44,,
97,Notre Dame,ACC,33,15,110.6,103.6,0.6777,51.7,51.4,16.5,14.9,29.6,26,31.8,30,50.8,53.6,35.5,32.1,37.5,40.5,64.6,-7,0.454545455,71.4476,66.9256,98,6.9,-0.046,7.42,,
98,Loyola Chicago,A10,33,22,107.8,101.1,0.6765,52.6,49,17.6,17.9,29.9,27.5,31.7,33.2,53,48.3,34.7,33.3,42,40.4,66.9,-4.6,0.666666667,72.1182,67.6359,107,4.94,0.078,0.91,,
99,Bradley,MVC,34,26,111,104.2,0.6751,56.8,47.9,17.3,15.6,26.3,28.1,32.4,35.5,54.5,47.4,40,32.4,41.9,43.1,65.7,-2,0.764705882,72.927,68.4594,92,7.89,0.086,0.95,,
100,Akron,MAC,34,28,113.7,106.8,0.6717,55.4,49.5,16.6,17.2,33.3,29,26.8,33.7,55.8,50.6,36.6,31.9,45.4,38,71.2,-1.8,0.823529412,80.9544,76.0416,100,6.47,0.092,-3.34,13,50
101,Lipscomb,ASun,34,25,110.7,104,0.6716,55.9,48.6,14.4,15.9,24,26.5,31.4,22.3,56.7,49.9,36.7,31,47.4,37.2,66.1,-4.1,0.735294118,73.1727,68.744,89,8.55,-0.013,-4.15,14,56
102,UAB,Amer,34,22,117.2,110.2,0.6711,50.7,51.6,13.9,15.5,38.8,30.7,31.6,29.2,50.5,50.6,34.1,35.7,29.4,34.2,69,-6.2,0.647058824,80.868,76.038,99,6.7,-0.017,0.66,,
103,Troy,SB,33,23,106.7,100.6,0.6613,50.1,47.2,19.9,19.8,38.6,32,37.8,29.3,53.9,46.2,30.3,32.6,44.8,38.1,66.1,-4.5,0.696969697,70.5287,66.4966,95,6.95,-0.003,-1.81,14,54
104,Providence,BE,32,12,111.2,105,0.6583,52.1,49.5,19,13.8,33.2,28.7,29.6,32.8,51.1,49,35.6,33.5,45.5,37,66.2,-8.5,0.375,73.6144,69.51,96,6.93,-0.097,9.7,,
105,New Mexico St.,CUSA,32,17,104.7,99,0.6556,46.2,46.9,15.6,15,32.5,27.7,34.5,39.2,46.1,48.8,30.9,29.5,37,42.8,64.7,-8.4,0.53125,67.7409,64.053,134,2.82,-0.037,2.25,,
106,Washington St.,WCC,33,19,112.7,106.7,0.6527,56.7,51.3,20.4,17.3,31.3,33.4,32.4,32.6,58,52,36.5,33.5,41.5,38.8,70.6,-4.8,0.575757576,79.5662,75.3302,120,3.86,0.062,4.34,,
107,Syracuse,ACC,33,14,110.9,105.2,0.6485,51,52.9,17.9,14,31.4,26.1,33.1,33,51.9,53.6,32.8,34.5,32.7,38.1,68.1,-7.7,0.424242424,75.5229,71.6412,115,4.22,0.026,8.42,,
108,Saint Louis,A10,33,19,108.8,103.5,0.6406,56.3,48.6,18.6,14.4,23.6,28,29.8,24.3,59.8,47.8,35.3,33.2,50.3,39.4,67.1,-6.5,0.575757576,73.0048,69.4485,121,3.85,-0.001,3.43,,
109,UNC Wilmington,CAA,34,27,112.2,106.8,0.639,52.2,50.9,16,17.4,35.4,28.1,37.8,30.3,53.8,50.4,33,34.4,36.2,42.6,65.1,-3.3,0.794117647,73.0422,69.5268,105,5.28,0.049,-4.06,14,53
110,Utah Valley,WAC,33,25,107,101.8,0.6378,50.8,47.4,17.3,16.9,31.1,26.6,41.8,31.8,51.4,45.7,33,33.8,31.1,32.9,67.9,-3.1,0.757575758,72.653,69.1222,112,4.25,0.077,-1.54,,
111,Florida Atlantic,Amer,33,18,112.2,106.8,0.6377,53.2,49.6,16.3,16,30.7,31.6,33.2,33.3,53.8,46.6,34.9,36.8,40.3,35.3,68.9,-7.9,0.545454545,77.3058,73.5852,116,4.13,-0.028,2.62,,
112,DePaul,BE,33,14,109.3,104.1,0.6372,52.7,51.4,17.9,15.5,27.2,28.7,27.4,28.9,53.3,51.3,34.6,34.4,46.4,35.5,67,-7.5,0.424242424,73.231,69.747,122,3.83,-0.039,8.74,,
113,North Alabama,ASun,34,24,112,106.7,0.6371,51.7,50.5,12.5,16.8,33.5,29,30.8,27.6,51.5,51.7,34.8,32.6,34.8,43.3,66.5,-5.7,0.705882353,74.48,70.9555,113,4.24,-0.003,-5.46,,
114,St. Thomas,Sum,34,24,114.1,108.8,0.634,57.8,52.5,13.7,18.5,21.5,31.2,34,35.9,58.1,52.1,38.3,35.4,46.8,41.3,67.8,-5.2,0.705882353,77.3598,73.7664,130,3.28,-0.01,-3.65,,
115,N.C. State,ACC,31,12,107.7,102.7,0.6331,48.3,51,14.4,18.6,28.8,32.5,32.3,32.2,48.3,50.8,32.2,34.3,36.2,32.6,65.1,-8.9,0.387096774,70.1127,66.8577,125,3.63,-0.079,6.8,,
116,George Washington,A10,33,21,107.6,102.7,0.632,50.6,48.4,18.2,19.4,32.1,32.7,40.8,26.7,53.2,49,31.3,31.6,41.9,38.9,66.8,-6.5,0.636363636,71.8768,68.6036,128,3.39,-0.006,-1.89,,
117,Northern Iowa,MVC,32,20,108.6,103.7,0.6291,55.5,51.5,15.9,17.4,25.6,25.2,35.2,28.3,55.3,49.9,37.2,36,35.9,40.9,65,-6.6,0.625,70.59,67.405,102,6.09,-0.015,0.94,,
118,Washington,B10,31,13,109.2,104.5,0.626,50.6,53,17.5,16.7,27.5,28.5,34.5,36.2,50.1,53.3,34.4,35.1,35.7,35.4,67.6,-5.6,0.419354839,73.8192,70.642,104,5.79,0.011,13.62,,
119,Northern Colorado,BSky,34,25,111.8,106.9,0.6258,57.3,52.1,15.7,15.5,25.2,22.2,33.4,35.4,58.9,51.8,36.5,35.2,38.1,34.1,68.7,-4.1,0.735294118,76.8066,73.4403,126,3.63,0.035,-3.72,,
120,Middle Tennessee,CUSA,33,22,108.5,103.8,0.6233,50.8,48.5,16.6,16.1,30.7,29,32.3,31,52.9,49.2,31.7,31.6,39.5,35.5,68.3,-4.3,0.666666667,74.1055,70.8954,119,3.98,0.074,2.67,,
121,California,ACC,33,14,110,105.7,0.6142,47.8,53,16.6,16.3,34.7,28.8,38.9,32.8,48.2,51.3,31.5,37.6,37.8,32.8,67.5,-8,0.424242424,74.25,71.3475,110,4.43,-0.038,6.59,,
122,North Dakota St.,Sum,32,21,115.5,111.2,0.6085,58.2,51.4,15.6,11.1,26.2,29,32.6,27.1,56.5,51.3,39.8,34.3,53.6,39.1,65,-6.4,0.65625,75.075,72.28,135,2.62,-0.006,-3.19,,
123,Duquesne,A10,32,13,106.4,102.7,0.6006,50,50.2,18.3,20,32.9,30.7,30,39.5,49.2,48.1,34,35.9,43.2,35.9,65,-12.8,0.40625,69.16,66.755,140,2.16,-0.127,1.44,,
124,Kennesaw St.,CUSA,33,19,107.1,103.4,0.5995,49.3,48.3,19.7,15.1,32.5,27.4,38.8,42.6,52.2,48.1,30.6,32.5,45.5,38.4,70.1,-7.2,0.575757576,75.0771,72.4834,131,3.02,0.035,3.02,,
125,Cornell,Ivy,29,18,114.7,110.8,0.5967,58.7,52.2,16.8,15.3,25.5,28.9,28.6,31.3,61.1,52.3,37.4,34.7,48.6,39.1,70.7,-7.2,0.620689655,81.0929,78.3356,129,3.37,-0.033,-2.54,,
126,Nebraska Omaha,Sum,34,22,112.2,108.4,0.5964,53.5,53.1,15.7,14.9,29.2,25.4,36.4,37.7,52.5,53.5,36.7,35.1,38.6,44.5,67.7,-6.5,0.647058824,75.9594,73.3868,165,-0.06,0.085,-1.91,15,60
127,Kent St.,MAC,33,22,105.5,102.1,0.5944,48.7,48.4,17.3,18.9,35.7,28.3,30,39.2,50.4,49.4,30.5,31.3,37.7,41.7,65.8,-5.9,0.666666667,69.419,67.1818,111,4.3,0.03,-2.15,,
128,Cal St. Northridge,BW,32,22,107.7,104.4,0.5896,51.8,49.9,18.9,20.5,35.4,24.1,35.8,45.1,51.5,46.4,35,35.6,30.8,50.8,72.2,-4.9,0.6875,77.7594,75.3768,117,4.09,0.013,-2.22,,
129,South Dakota St.,Sum,32,20,109.7,106.4,0.5869,53.6,50.9,17.6,12.7,33.6,21.4,31.2,29.9,54.5,52.3,34.8,32.9,40,47.8,69,-6.2,0.625,75.693,73.416,137,2.5,-0.018,-1.93,,
130,Belmont,MVC,33,22,111.9,108.5,0.5868,54.8,53.7,15.9,17.6,27.2,29.4,26.1,27,52.9,54.6,38.1,35.1,44.6,43.4,70.6,-5.5,0.666666667,79.0014,76.601,124,3.64,0.081,0.3,,
131,Illinois St.,MVC,33,19,112.1,108.8,0.5829,56,53.8,15.8,16.7,24.6,24.9,30.7,31.4,56.6,53.5,36.9,36.1,47.5,43.3,65.6,-8.2,0.575757576,73.5376,71.3728,132,2.92,0,0.07,,
132,Jacksonville St.,CUSA,34,22,108,105.1,0.5782,49.6,49.4,15.7,13.3,30.9,26.5,32.2,28,49.1,47.7,33.5,34.5,36.4,42.5,64.6,-5.4,0.647058824,69.768,67.8946,108,4.92,0.035,2.38,,
133,Montana,BSky,34,25,112,109,0.5779,56.4,52.2,16.2,15.5,22.6,29,36.2,31.9,57.3,53.1,36.5,33.7,36.8,35,67,-3.1,0.735294118,75.04,73.03,163,0.07,0.18,-1.74,14,55
134,Louisiana Tech,CUSA,32,20,107.7,105,0.5728,52.5,47.8,18.9,14.7,29.3,28.7,35,32,53.5,48.8,34.1,30.8,41.4,38.9,64.4,-6.4,0.625,69.3588,67.62,127,3.53,0.031,0.76,,
135,Chattanooga,SC,33,24,114,111.2,0.5725,56.5,51.2,15.4,16.2,25.8,29.9,31.5,33.8,57.5,50,36.8,35.4,45.3,41,66.5,-4.1,0.727272727,75.81,73.948,94,7.14,0.072,-0.88,,
136,South Alabama,SB,32,21,106.1,103.6,0.5684,50.8,48.5,14.6,20.6,28.3,32.2,33.6,24.4,53.6,46.9,31.7,33.1,45.6,59.3,63.1,-6.5,0.65625,66.9491,65.3716,109,4.49,-0.042,-3.78,,
137,Samford,SC,32,22,110.4,108,0.5635,54.6,53.2,18.3,21.8,34.6,33.5,29.3,41.8,54,53.8,36.9,35,46.7,43.8,70.8,-4.9,0.6875,78.1632,76.464,118,4.03,0.019,-1.91,,
138,Tulane,Amer,33,19,108.4,106.1,0.5603,52.1,48.4,15.9,17.4,27.2,32.4,35.1,32.8,52.9,48.3,33.9,32.3,39.4,43.1,66.7,-8.7,0.575757576,72.3028,70.7687,144,1.42,-0.021,-0.64,,
139,Seattle,WAC,32,14,103,101,0.5584,46.5,51.2,17,20.9,29.9,27,42.3,36.7,46.3,53.3,31.3,31.9,36.3,38.6,65.9,-12.1,0.4375,67.877,66.559,145,1.37,-0.138,-0.27,,
140,Wichita St.,Amer,33,19,105.8,103.7,0.5582,48.7,49.9,16.4,15.7,31.9,28.4,35.2,28.3,50.1,49.9,30.2,33.3,28.4,38.3,68.6,-7.3,0.575757576,72.5788,71.1382,136,2.51,0.034,1.84,,
141,Furman,SC,34,25,109.2,107.3,0.5515,53.6,49.2,17,16.5,30,31,35.4,29,53.2,49.2,36,32.9,51.4,38.6,65.8,-4.4,0.735294118,71.8536,70.6034,139,2.26,0.112,-0.93,,
142,Davidson,A10,33,17,109.3,107.4,0.5513,52.4,52.3,14.6,15.4,24.4,26.9,29.2,28.1,53.3,51.9,34.1,35.3,42.1,39.9,65.7,-9.2,0.515151515,71.8101,70.5618,147,1.08,-0.02,-0.02,,
143,UTEP,CUSA,33,18,105.8,104,0.5501,49.3,52.4,16.6,22,25.4,32.4,37,40,47.7,54,34.6,33.4,36.2,41.2,68.4,-8.4,0.545454545,72.3672,71.136,162,0.18,0.028,2.31,,
144,Virginia Tech,ACC,32,13,106.5,104.7,0.5493,51.2,52.3,20.1,16.2,31,29.2,30.8,31.8,50.3,54.6,35,32.6,40.4,41.2,65.1,-9.2,0.40625,69.3315,68.1597,164,-0.02,0.03,6.8,,
145,Wofford,SC,34,19,111.5,109.7,0.5466,53.3,51.8,16.9,14.9,35.5,26.2,31.1,36.2,54.6,51.8,34.5,34.5,47.7,45.8,63.9,-9.7,0.558823529,71.2485,70.0983,114,4.24,-0.034,0.03,15,59
146,Miami OH,MAC,34,25,107.8,106.4,0.5364,55.4,51.3,17.4,19.1,27.5,29,28.1,33.3,53.9,51.9,38.2,33.6,44,39.9,68.8,-4.6,0.735294118,74.1664,73.2032,146,1.09,0.086,-5.38,,
147,UC Santa Barbara,BW,34,21,108.7,107.3,0.5353,54.6,48.9,18.2,17.2,27.5,29.2,29.7,32,52.4,50.5,38.1,30.8,47.4,36.9,65.2,-7.9,0.617647059,70.8724,69.9596,148,1.07,-0.001,-2.82,,
148,Loyola Marymount,WCC,32,17,104.2,103.1,0.53,50.2,48.5,15.2,15.7,22.8,30.9,29,28.9,50.6,49,33.1,31.8,40.4,36.6,67,-6.9,0.53125,69.814,69.077,155,0.39,0.062,2.47,,
149,Robert Morris,Horz,34,26,105.9,105,0.5238,51.3,50.3,18.5,18.8,35.3,28.3,38.4,30,50.7,49.8,34.9,34.2,36.8,35.6,67.9,-4.3,0.764705882,71.9061,71.295,133,2.9,0.077,-5.15,15,58
150,Texas A&M Corpus Chris,Slnd,34,20,105.8,105,0.5237,52.8,49.9,17.8,18.3,31.9,30.7,36.7,40.4,53,48.4,34.7,35,29.2,36.7,67.4,-8.5,0.588235294,71.3092,70.77,150,0.81,-0.028,-3.18,,
151,UC Riverside,BW,33,21,109.9,109,0.5225,49.5,51.4,15.8,15.8,32.2,28.9,28.7,33.4,49,51.4,33.5,34.4,42.3,38.8,67,-4.7,0.636363636,73.633,73.03,159,0.28,0.138,1.97,,
152,San Jose St.,MWC,34,15,106.9,106.1,0.522,50.6,51.9,17.4,16.6,26.9,32.2,31.5,28.6,49.1,53.9,35.1,32,41.2,35.2,66.2,-10.2,0.441176471,70.7678,70.2382,169,-0.45,-0.003,4.39,,
153,Bryant,AE,34,23,105.8,105.3,0.5112,51,47.7,16.5,16.4,34.2,28.8,30.4,30,51.5,47.3,33.4,32.2,34.8,36,72.3,-7.1,0.676470588,76.4934,76.1319,149,0.92,0.007,-6.41,15,57
154,Radford,BSth,33,20,109.8,109.3,0.5108,51.1,51,17.7,16.5,33.8,30,41.3,37,49.9,49.3,35.6,35.8,36.3,40.1,62.9,-7.3,0.606060606,69.0642,68.7497,151,0.62,0.059,-2.13,,
155,Sam Houston St.,CUSA,32,13,110.3,109.9,0.5102,51,53.1,18.3,17.2,30.3,32.2,36.3,33.2,46.9,52.3,38.3,36.2,38.6,41.2,67.7,-11.7,0.40625,74.6731,74.4023,175,-1.05,-0.04,4.06,,
156,Cal Baptist,WAC,32,17,105,104.6,0.5098,48.3,50.1,17.7,18.1,33.3,29.6,29.7,33.4,48.6,50.3,31.7,33.2,35,31.3,65.8,-9.6,0.53125,69.09,68.8268,172,-0.63,-0.013,-2.05,,
157,Temple,Amer,32,17,110.5,110.4,0.5026,49.9,50.6,15.7,15.1,32,31.2,45.2,36.4,48.2,51,35.8,33.3,31.3,36.4,68.7,-9.6,0.53125,75.9135,75.8448,173,-0.68,0.017,-0.3,,
158,James Madison,SB,32,20,110,110,0.5013,50.7,50.9,15.8,15.6,32,30.5,30.4,33.4,50,49.6,34.3,35.5,45.2,35.1,64.9,-7.4,0.625,71.39,71.39,160,0.24,0.069,-1.22,,
159,Western Kentucky,CUSA,32,17,103.1,103.1,0.501,47.9,47.4,15.5,17,23.5,28.1,32.1,40.6,48,48.7,31.7,30.5,39.7,44.1,71.8,-8.3,0.53125,74.0258,74.0258,161,0.21,0.034,2.13,,
160,Rhode Island,A10,31,18,107.6,107.7,0.4973,52.8,49.3,17.9,16,28.3,28.6,41.1,30.8,53.3,50.6,34.6,31.5,37.7,39.7,70.4,-7.8,0.580645161,75.7504,75.8208,157,0.35,0.016,-1.16,,
161,Charleston,CAA,33,24,105.2,105.3,0.4969,52.4,50.1,16.2,16.4,26.5,28.3,34.6,26.5,51.8,51.4,35.5,32.1,40,39.7,70.2,-4.6,0.727272727,73.8504,73.9206,153,0.48,0.141,-2.8,,
162,Murray St.,MVC,33,16,104.7,104.9,0.4957,49.3,51.2,16.9,17.3,29.1,26.4,41.2,35.5,48.6,52.6,33.6,32.1,40.1,32.1,64.7,-10.7,0.484848485,67.7409,67.8703,138,2.27,-0.05,1.82,,
163,Milwaukee,Horz,32,21,106,106.3,0.4931,51.4,51.5,19.4,18.3,39.8,26.6,38,32.4,53.1,52.2,31.9,33.6,31.5,38.6,68.6,-7,0.65625,72.716,72.9218,141,2.11,0.004,-2.81,,
164,Appalachian St.,SB,31,17,100.5,100.9,0.4885,49.6,46.1,16.9,14.8,27.6,29.6,35.1,22.2,48.7,47,34,29.8,41.1,40.1,63.1,-9.5,0.548387097,63.4155,63.6679,170,-0.45,-0.028,-3.11,,
165,Florida Gulf Coast,ASun,32,18,107.4,108.1,0.4831,53.9,50.5,16.2,14.3,30,26.5,23.1,29.5,54.1,48.9,35.7,35.1,38.4,44,65.2,-9.2,0.5625,70.0248,70.4812,179,-1.81,-0.022,-4.46,,
166,East Tennessee St.,SC,32,19,104.8,105.5,0.4824,50.3,50.3,16.1,18.9,35.7,29.8,33.2,34.3,48.9,49.5,34.7,34.2,41.7,41.1,65,-9.3,0.59375,68.12,68.575,142,1.89,-0.069,-3.36,,
167,Towson,CAA,33,22,106,106.8,0.4801,47.9,50.8,14.5,17.3,35.3,28,28.4,30.7,46.7,50.7,33.4,34.1,37.2,38.8,63.5,-5.9,0.666666667,67.31,67.818,152,0.58,0.094,-2.15,,
168,Nicholls St.,Slnd,33,20,105.5,106.2,0.4801,48.1,48.1,15.3,16.7,30.6,31.5,33.1,35.9,45.6,49.9,35,30.1,36.8,37.6,68.1,-7.5,0.606060606,71.8455,72.3222,167,-0.24,0.054,-1.3,,
169,Winthrop,BSth,34,23,107.4,108.2,0.4781,53.3,51.4,17.7,18.7,31.2,31.5,47.7,37.1,55,50.6,33.8,35.2,38.3,37.9,72.6,-6.2,0.676470588,77.9724,78.5532,166,-0.13,0.078,-3.89,,
170,UNC Greensboro,SC,32,20,105.4,106.2,0.478,50.7,47.8,15.3,16.4,31.1,30.1,29.8,34,48,48.7,36.2,31,42.4,43.1,63.7,-7.7,0.625,67.1398,67.6494,143,1.84,-0.016,-2.28,,
171,Marshall,SB,33,20,105.6,106.6,0.4739,49.9,49.3,16.5,16.8,33,29.6,34.8,40.9,51,49.7,32.3,32.2,39.6,32.8,68.6,-8.8,0.606060606,72.4416,73.1276,168,-0.3,0.002,-4.11,,
172,Boston College,ACC,31,12,105.2,106.2,0.4713,48.9,51.9,17.3,15.5,28.8,30,31.5,37.1,47.5,51.3,34.5,35.2,33,35.9,66.7,-9.8,0.387096774,70.1684,70.8354,181,-2,0.018,5.19,,
173,Cleveland St.,Horz,33,21,102.6,103.6,0.47,49.3,50.6,18.3,22.3,34.5,34.1,31,38.1,49.6,49.8,32.5,34.5,32.7,40.4,65.5,-7.8,0.636363636,67.203,67.858,154,0.45,0.035,-3.57,,
174,Lamar,Slnd,33,20,101.2,102.3,0.4695,47.2,47.6,19,17.7,35.5,31.8,29,34.8,44.3,47.9,35.6,31.4,32.8,39.1,65.3,-7.4,0.606060606,66.0836,66.8019,158,0.31,0.047,-1.27,,
175,Purdue Fort Wayne,Horz,32,19,107.5,108.8,0.4643,54.7,53.3,13.8,20.1,22,32.8,29.1,30,54,56.2,37.1,32.6,45.6,40,69.6,-8.6,0.59375,74.82,75.7248,156,0.37,-0.015,-3.18,,
176,Dartmouth,Ivy,28,14,100.5,101.8,0.4627,50.3,49.1,16.2,13.8,22.8,24.9,30.3,23.2,49.8,52.1,33.9,29.6,46.5,38.5,70.7,-10.6,0.5,71.0535,71.9726,203,-3.37,-0.057,-3.91,,
177,Eastern Kentucky,ASun,32,18,109.4,110.8,0.4619,49.7,52.6,13.8,17.8,32.4,33.2,26,31.8,47.7,52.1,34.9,35.5,42.2,37.3,67.6,-8.7,0.5625,73.9544,74.9008,187,-2.24,0.019,-3.42,,
178,Cal Poly,BW,35,16,108.9,110.5,0.4585,55.2,53.2,20.7,19.1,27.6,33.2,26.8,32.4,56,54.3,36.3,34.4,51.1,39.9,74.4,-11.5,0.457142857,81.0216,82.212,182,-2.13,-0.006,0.88,,
179,Rice,Amer,32,13,106.3,107.9,0.4579,48.6,47.8,17.8,14,33.7,29.6,43.3,35.9,47.8,47.5,33.2,32.1,38.8,36.9,65.4,-14.2,0.40625,69.5202,70.5666,188,-2.26,-0.084,-2.13,,
180,Southern Illinois,MVC,33,14,106.1,107.7,0.4572,51.6,52.6,18.3,15.2,30.3,28,34.2,33.7,51,51.5,35.1,36.1,33.6,39.8,67.8,-12.9,0.424242424,71.9358,73.0206,190,-2.39,-0.025,1.55,,
181,UTSA,Amer,31,12,107,108.8,0.4507,49.7,53.3,15.7,20.6,27,35.5,29,43.9,46.1,53.2,36.1,35.7,44.1,37.9,69.7,-12.8,0.387096774,74.579,75.8336,191,-2.39,-0.051,1.44,,
182,East Carolina,Amer,33,19,106.3,108.2,0.449,48.4,51.7,15.6,17.4,33.8,31.2,35.2,31.6,49.3,48.5,31.2,38.4,35.2,35.3,66.5,-8.9,0.575757576,70.6895,71.953,176,-1.11,0.039,-1.17,,
183,Portland St.,BSky,32,19,100.8,102.7,0.4483,50.5,50,18.4,19.6,33.4,30.4,34.3,34.9,51.7,51.6,32,31.7,31.7,39.1,68.2,-9.3,0.59375,68.7456,70.0414,207,-3.71,0.015,-4.77,,
184,Miami FL,ACC,31,7,112.5,114.6,0.4479,51.9,57.4,16,15,28.2,30.8,26.4,28.8,55.1,55.9,31.3,39.7,38.5,39.9,67.4,-13.5,0.225806452,75.825,77.2404,193,-2.61,-0.13,7.56,,
185,Drexel,CAA,33,18,103.6,105.6,0.4473,52.2,47.8,18.6,14.4,33,30.1,24.2,28.2,51.9,48.1,35,31.6,37.1,35.4,62.9,-11.7,0.545454545,65.1644,66.4224,183,-2.19,-0.052,-4.72,,
186,Ohio,MAC,32,16,106.4,108.4,0.4473,53.4,52.3,14.9,17.8,23.9,29,33.5,36.4,53.9,50.4,35,37.6,40.1,32.6,70.3,-11.8,0.5,74.7992,76.2052,195,-2.81,-0.064,-3.42,,
187,Montana St.,BSky,33,15,104.7,106.7,0.4462,52.8,48.8,15.1,15.3,20.7,29.4,31.9,31.9,53.8,50.6,34.3,29.8,43,32,65.9,-12,0.454545455,68.9973,70.3153,189,-2.28,-0.063,-2.23,,
188,South Carolina St.,MEAC,33,20,102.4,104.4,0.4449,50.8,50.1,19.9,22.8,35.7,32.7,42.9,47,50.2,51.8,34.7,31.1,33,34.1,69.1,-9.2,0.606060606,70.7584,72.1404,192,-2.49,-0.05,-8.66,,
189,Wyoming,MWC,32,12,103.1,105.2,0.443,50.3,51,19.9,15.8,30,27.2,30.4,41.1,49.5,51.7,34.4,33.3,40.7,37.3,64.5,-10.8,0.375,66.4995,67.854,185,-2.23,-0.027,4.76,,
190,Jacksonville,ASun,32,19,101.2,103.6,0.4346,50.1,50.7,19.3,18.7,35.3,30.5,28.2,34.5,47.3,50,37,34.6,33.9,38.2,67.3,-7.5,0.59375,68.1076,69.7228,200,-2.89,0.057,-3.06,,
191,Illinois Chicago,MVC,32,18,105.4,107.9,0.4336,51.1,51.6,17.5,15.8,30,27.9,35.1,31.6,51.1,51.6,34,34.4,39.4,35.3,69,-8.4,0.5625,72.726,74.451,171,-0.52,0.066,1.64,,
192,Queens,ASun,33,19,105.9,108.5,0.432,52.3,51.7,18,16,31.1,28.7,33.7,32.1,52.6,51.4,34.6,34.8,44.2,37.8,68.4,-8.6,0.575757576,72.4356,74.214,212,-4.09,0.054,-3.88,,
193,Oakland,Horz,34,16,106.3,108.9,0.431,50.1,51.4,18,16.2,34.1,32.6,31.7,27.8,53.2,49.7,30.6,35.9,42.3,41,63.6,-11.2,0.470588235,67.6068,69.2604,174,-0.91,-0.007,0.23,,
194,Central Connecticut,NEC,32,25,99,101.5,0.4277,52.2,47.7,17.2,18.1,26.5,25.3,25.9,18.9,53.7,49,32.9,30.6,34.8,42,65.5,-4.7,0.78125,64.845,66.4825,180,-1.87,0.023,-11.9,,
195,Norfolk St.,MEAC,34,24,106.2,109,0.4254,52.4,49.7,18.3,18.6,32.8,33.8,39,34.9,54.5,48.9,31.3,33.9,27.7,42.7,66.3,-5.3,0.705882353,70.4106,72.267,178,-1.63,0.071,-6.42,16,61
196,Northeastern,CAA,32,17,103.9,106.9,0.418,51.1,50.3,18.6,18.2,31.4,31.4,28,30.3,51.3,49.2,33.7,34.9,34.8,34.7,67.4,-11,0.53125,70.0286,72.0506,209,-3.87,0.019,-4.21,,
197,Southeast Missouri St.,OVC,33,21,101.5,104.5,0.4175,51.3,47.6,15.4,19,24,28.7,28.9,42.8,51.1,48.8,34.5,30,36,31.6,68.8,-8.7,0.636363636,69.832,71.896,202,-3.2,0.023,-7.32,,
198,Pepperdine,WCC,35,13,106.3,109.5,0.4163,49.6,52.5,16.1,15.3,27.7,30,31.6,27.2,48.9,53.3,34,34.2,34.7,38.9,69,-12.4,0.371428571,73.347,75.555,216,-4.36,-0.022,2.74,,
199,Merrimack,MAAC,33,18,98.3,101.3,0.4163,49.4,46.9,13.8,23.2,20.8,38.6,24.4,29.9,49.3,47.2,33,31,42.9,36.3,64.4,-9.9,0.545454545,63.3052,65.2372,184,-2.21,-0.002,-5.43,,
200,Abilene Christian,WAC,32,16,98,101,0.4146,46.7,51.4,20.7,24,30,31.5,37.2,51.3,47.8,52.6,28.9,32.6,25.3,32.5,69.1,-10.5,0.5,67.718,69.791,221,-4.66,0.036,-1.41,,
201,Brown,Ivy,27,14,102.4,105.6,0.4117,51.1,49.3,17.1,15.7,30.1,30.7,28,29.1,52.1,49.2,33.1,32.9,40.5,37.4,65.7,-8.7,0.518518519,67.2768,69.3792,208,-3.75,0.022,-3.79,,
202,South Florida,Amer,32,13,102.3,105.5,0.411,49.7,49.7,16.2,18.3,27.7,33.2,34.9,36.7,51.1,49.6,31.6,33.3,37.6,37.5,68.2,-12.5,0.40625,69.7686,71.951,196,-2.84,-0.047,0.37,,
203,Indiana St.,MVC,32,14,108.3,112.1,0.4017,54.6,54.3,19.5,15.8,26.2,27,35.9,38.8,56.6,54.5,35,35.9,50.1,38,72.3,-12.5,0.4375,78.3009,81.0483,197,-2.85,-0.044,0.3,,
204,Hampton,CAA,33,17,103.3,107,0.3979,47.5,52.6,16,18.8,34,28.7,30.3,43.6,46.9,53.3,32.4,34.2,36.7,35.7,65.5,-11.6,0.515151515,67.6615,70.085,215,-4.29,-0.003,-2.7,,
205,Idaho St.,BSky,30,15,105.8,109.8,0.3965,47.8,54.1,16.3,17.9,38.3,25.9,34.4,32.7,48.3,53,31.2,37.3,36.6,37.7,65.8,-10.5,0.5,69.6164,72.2484,211,-4,-0.059,-3.98,,
206,Princeton,Ivy,30,19,103.2,107.1,0.3955,51.5,53.4,15.2,17.3,26.2,24.2,24.6,31.7,50.1,53.5,35.3,35.5,48.7,40.8,66.6,-6.3,0.633333333,68.7312,71.3286,177,-1.45,0.118,-0.99,,
207,Missouri St.,MVC,32,9,101.7,105.6,0.3947,50.9,54.7,20.7,19.1,32,28.4,34.3,38.5,49.1,55,36,36.1,37,39.4,63.8,-17.3,0.28125,64.8846,67.3728,239,-6.08,-0.104,1.18,,
208,Southeastern Louisiana,Slnd,32,18,104.1,108.1,0.3932,49.2,51.4,17.4,18.8,30.9,29.4,34.7,36.5,49.5,51.9,32.4,33.7,31.6,42.2,66.9,-9.6,0.5625,69.6429,72.3189,186,-2.23,0.011,-3.36,,
209,La Salle,A10,33,14,103.3,107.3,0.3921,46.1,52.6,15.5,16.7,30.5,29.5,31.4,30,44.5,54.5,32.8,33.2,33.2,41.5,68.6,-11.6,0.424242424,70.8638,73.6078,229,-5.23,0.046,1.66,,
210,Texas St.,SB,32,16,108.1,112.4,0.3899,50.7,49.9,18.1,16.1,35.2,31.5,36,41.6,49.3,47.4,36.4,36.1,27.8,36.4,65.9,-11.7,0.5,71.2379,74.0716,194,-2.77,-0.041,-2.62,,
211,Quinnipiac,MAAC,33,20,101.8,105.9,0.3899,48.4,49.5,17.9,17.1,33.5,26,31.1,28.3,50.7,46.7,29.8,36.1,38,37.1,71.5,-9.3,0.606060606,72.787,75.7185,213,-4.1,0.031,-6.98,,
212,Massachusetts,A10,32,12,101.6,105.7,0.3891,45.1,49.8,16.1,17.5,34.3,31,34,36.6,46.6,49.7,28,33.2,32.2,39.9,70.4,-13.4,0.375,71.5264,74.4128,222,-4.74,-0.05,0.32,,
213,Youngstown St.,Horz,34,21,102.3,106.4,0.3879,49.8,48.8,17.6,18,29.3,31.2,36.4,35.8,52.1,48.1,31.3,33.5,46.2,32.8,69.2,-9.2,0.617647059,70.7916,73.6288,199,-2.87,0.058,-4.41,,
214,Bucknell,Pat,33,18,103.4,107.7,0.3856,53.8,50.3,18.6,17,26,28,36.7,35.4,54.4,49,35.3,34.7,41,40.6,67.4,-10.3,0.545454545,69.6916,72.5898,226,-4.97,0.009,-7.49,,
215,Southern,SWAC,32,20,98.5,102.7,0.3836,47.2,49.2,18.5,21.1,34.4,28.5,38.1,42.3,47.4,48.2,31.2,33.8,33.3,39.4,68.3,-7.3,0.625,67.2755,70.1441,231,-5.44,0.053,-7.8,,
216,Fordham,A10,33,12,106.3,110.9,0.381,48.6,52.8,18.4,16.7,31.5,30.6,32.8,39.2,49.1,52.6,32,35.5,41.5,31.8,69.5,-14,0.363636364,73.8785,77.0755,237,-5.91,-0.003,1.13,,
217,Seton Hall,BE,32,7,97.5,101.7,0.3809,44.7,54.6,19.1,22.2,31.2,31.8,32.9,39.6,43.9,54.5,31.2,36.6,30.5,44.4,64.4,-13.2,0.21875,62.79,65.4948,204,-3.42,-0.042,10,,
218,SIU Edwardsville,OVC,33,22,101.3,105.7,0.3796,48.9,47.5,17.1,17.3,31.8,29.1,33.1,33.2,47.8,46.3,34,33,36.3,38.6,65.8,-7.8,0.666666667,66.6554,69.5506,217,-4.5,0.076,-8.19,16,62
219,Valparaiso,MVC,34,15,105.1,109.8,0.3789,47.7,53.7,14,17.1,26.5,28.5,33.6,35.4,47.3,54.2,32.3,35.2,38.4,36,67.9,-13,0.441176471,71.3629,74.5542,205,-3.49,-0.001,0.52,,
220,Wright St.,Horz,33,15,108.5,113.3,0.3785,56.3,53.2,17.8,14.2,28,27.9,27,34.5,55.3,52.2,38.6,36.7,37.8,36,67.3,-13.8,0.454545455,73.0205,76.2509,214,-4.24,-0.06,-2.93,,
221,William & Mary,CAA,32,17,106.4,111.2,0.3761,53.7,53.5,18.1,17.6,26.2,30.2,35.6,35.5,55.8,54.4,34.5,34.8,51.5,41.6,71.4,-10.7,0.53125,75.9696,79.3968,232,-5.45,0.048,-2.93,,
222,Central Michigan,MAC,31,14,104.7,109.4,0.3754,49.8,53.1,17.6,18.2,32.1,29.1,35.8,31.3,51.2,52.5,31.3,35.9,33.3,43.9,67.2,-11.5,0.451612903,70.3584,73.5168,198,-2.85,-0.091,-2.09,,
223,Campbell,CAA,32,15,101.2,105.9,0.3724,50,52.4,15.8,18.8,24.6,27.7,29.7,29.9,51.5,55.8,31.9,31.1,41.8,36.8,65.8,-12.7,0.46875,66.5896,69.6822,220,-4.61,-0.058,-4.29,,
224,Richmond,A10,32,10,103.5,108.4,0.372,48.4,52.7,15.4,15.8,19.3,27.7,29.7,37.1,49.7,52.4,31.2,35.4,45.6,48.6,63.8,-15,0.3125,66.033,69.1592,247,-6.62,-0.026,1.95,,
225,Northwestern St.,Slnd,32,16,102,107,0.3667,48.7,49.8,20.2,17.4,33.1,32.6,32.2,33.1,46.5,46.8,35.2,36.2,35.7,39.7,63.8,-9.7,0.5,65.076,68.266,223,-4.75,0.079,0.2,,
226,UNC Asheville,BSth,32,21,107.1,112.3,0.3666,52,53.4,14.8,18,29.7,34.1,34.4,40.1,52.4,53.8,34.2,35.2,35,38.9,67.8,-6.5,0.65625,72.6138,76.1394,201,-3.19,0.123,-3.4,,
227,Hofstra,CAA,33,15,97.8,102.5,0.3662,48.9,45.9,17.6,16.4,25.8,28.6,25.3,38,48.1,42.6,33.2,33.9,42.3,40.4,63.6,-13.5,0.454545455,62.2008,65.19,218,-4.57,-0.047,-3.24,,
228,Elon,CAA,32,17,106,111.3,0.3627,50.2,48.1,19,13.3,36.3,31.4,38.8,24.7,50.8,47.1,32.8,32.9,41.7,43.5,64.9,-11,0.53125,68.794,72.2337,206,-3.69,-0.037,-3.84,,
229,UMKC,Sum,33,13,100.5,105.5,0.3624,48.4,51.2,18.6,17.1,32.8,29.7,30.9,35.2,47.5,53.6,33.1,31.8,44,40.8,64.3,-14.8,0.393939394,64.6215,67.8365,238,-6.07,-0.108,-2.64,,
230,Longwood,BSth,32,18,105,110.3,0.3608,51.3,55.9,18,20.7,32.1,29.6,45.4,38.3,52.3,59.8,32.9,33.7,33.9,41.6,68.9,-9.8,0.5625,72.345,75.9967,210,-3.9,0.002,-4.09,,
231,Hawaii,BW,31,15,102.1,107.4,0.3606,50.6,49.5,20.7,13.1,31,24.9,39.9,33.7,53.1,48,31,35,37.4,32.4,65.8,-11,0.483870968,67.1818,70.6692,227,-5.11,0.025,-1.26,,
232,Tennessee St.,OVC,33,17,102.9,108.2,0.3602,51.3,48.8,21.1,17.4,33.8,30.3,41.4,39.3,52.5,48.1,32.6,33.4,33.6,35.9,70.5,-13,0.515151515,72.5445,76.281,252,-7.21,-0.068,-8.44,,
233,Vermont,AE,33,21,99.5,104.7,0.3577,49,48.8,17.3,15.7,26.2,25.8,29.8,27.1,49.5,48.3,32.3,33,43.5,38.6,62.5,-8.2,0.636363636,62.1875,65.4375,242,-6.32,0.118,-7.15,,
234,Maine,AE,34,20,99,104.2,0.3572,51.6,50.4,15.5,21.9,21.8,32.3,28.2,29,50.6,50.7,35.7,33.3,33,36.2,65.9,-10.3,0.588235294,65.241,68.6678,219,-4.6,0.004,-7.22,,
235,Delaware,CAA,36,16,108.9,114.6,0.3563,55.1,52.2,16.6,15.5,22.4,32.5,30,32.9,54.1,51.9,37.7,35.3,39.9,34.1,70.2,-15.2,0.444444444,76.4478,80.4492,235,-5.67,-0.017,-3.03,,
236,UT Rio Grande Valley,Slnd,31,16,104.5,110,0.3561,51.7,51.4,19.2,17.6,30.8,33.9,22.7,29.9,55.4,52,31.8,33.4,49,35.1,70.5,-10.2,0.516129032,73.6725,77.55,234,-5.63,0.007,-2.95,,
237,South Dakota,Sum,33,19,108.4,114.2,0.3522,50.1,54.8,12.6,17.3,30,35.7,45.4,35.2,51.7,55.4,31.6,35.9,37.5,38.9,74.4,-9,0.575757576,80.6496,84.9648,240,-6.24,0.101,-3.45,,
238,Harvard,Ivy,27,12,102,107.8,0.3451,50.6,52.2,18,17.7,25,31.1,24.4,24.6,52.2,53.4,32,33.5,39.9,36.5,65.6,-10.8,0.444444444,66.912,70.7168,256,-7.81,0.054,-2.46,,
239,UT Arlington,WAC,31,13,106.4,112.5,0.3443,51.7,50.4,19.2,16.4,32.8,32.5,37,34.3,50.6,48.5,35.4,36,42.2,34.9,67.5,-12.9,0.419354839,71.82,75.9375,228,-5.16,-0.035,-1.55,,
240,Tulsa,Amer,33,13,101.9,107.9,0.3415,49.5,49.7,16.9,14.4,27.2,31.1,34.2,33.6,51.5,50,31.2,32.7,42.3,34,66.2,-14.6,0.393939394,67.4578,71.4298,267,-8.54,-0.044,-1.33,,
241,North Dakota,Sum,33,12,107.9,114.4,0.3388,49.7,56.5,16.6,15,33.7,28.7,33.6,33,50.3,57.1,32.5,37.1,40,40.6,68.9,-15.1,0.363636364,74.3431,78.8216,265,-8.31,-0.02,-0.75,,
242,Iona,MAAC,34,17,99.4,105.4,0.3361,47.5,51.7,20.9,22.8,39.1,30.9,27.9,35.6,47.5,53.9,31.8,32.6,34.7,44.5,68.2,-13.9,0.5,67.7908,71.8828,260,-7.96,0.014,-7.25,,
243,American,Pat,34,22,101.2,107.4,0.3354,51.8,52.1,16.8,17.6,23.8,27.4,29.5,34.1,51.1,53.1,35.1,33.6,44.8,35.7,63.4,-8.3,0.647058824,64.1608,68.0916,248,-6.65,0.123,-7.12,,
244,UC Davis,BW,32,15,97.4,103.4,0.3352,46.3,50,19.7,21.8,27.6,33.6,38.3,39.2,45.1,48.3,32.2,35.2,35.5,37.7,67.1,-11.2,0.46875,65.3554,69.3814,250,-6.98,0.07,-0.01,,
245,Incarnate Word,Slnd,33,17,105.2,111.8,0.3314,51.1,52,18.1,17.5,34.5,31.4,27.5,34.7,49.7,50.8,35.8,36.4,36.3,31.2,64.1,-11.9,0.515151515,67.4332,71.6638,224,-4.76,-0.017,-4.64,,
246,Georgia St.,SB,33,14,107.2,113.9,0.3304,50.4,51,16.9,12.9,32.4,31.9,33.8,26.2,49.8,51.8,34.4,33.2,33.3,41.5,69.1,-13.3,0.424242424,74.0752,78.7049,262,-8.07,0.013,-3.21,,
247,Northern Arizona,BSky,33,18,103.7,110.2,0.3302,50.3,53.3,15.4,14.8,31.5,23.8,29.6,34.3,49.4,52.8,34.5,36,38.2,37,66.6,-11.5,0.545454545,69.0642,73.3932,251,-6.98,-0.004,-5.43,,
248,Sacred Heart,MAAC,33,15,105,111.8,0.3274,51,51.8,17.7,17.6,31.4,29.9,26.3,27.6,50.3,50.8,34.5,35.4,44.6,43.1,70.3,-14.7,0.454545455,73.815,78.5954,263,-8.12,-0.049,-7.57,,
249,Georgia Southern,SB,33,17,102.9,109.6,0.3274,50.6,50.1,19,18.4,33,33,26.5,43.1,49.8,51.2,34.5,32.3,44.3,40.1,69.5,-11.4,0.515151515,71.5155,76.172,249,-6.89,0.064,-4.86,,
250,Northern Kentucky,Horz,33,17,102.6,109.4,0.3217,49.8,52.5,17.3,19.9,31,32.5,31.3,29.3,50,50.6,33,37,40,40.1,65.9,-11.3,0.515151515,67.6134,72.0946,230,-5.32,0.041,-2.46,,
251,Portland,WCC,32,12,106.3,113.5,0.3211,50.1,54.6,18,13.2,23.9,29.9,32.2,22.1,49.8,53.3,33.7,37.8,43.6,40.9,68.2,-12.7,0.375,72.4966,77.407,270,-8.95,0.033,1.45,,
252,Idaho,BSky,33,14,107.9,115.2,0.3207,51.8,54,17.9,15.1,28.9,31.3,33.6,35.7,51.5,55.1,34.7,34.9,47.9,39.9,66.3,-14,0.424242424,71.5377,76.3776,281,-9.77,0.032,-2.97,,
253,Toledo,MAC,33,18,110.8,118.5,0.3156,50.5,56.4,13.7,15.5,29.8,30.9,35.5,26.5,50.6,55.9,33.6,38.2,28.6,37.5,68.3,-9.1,0.545454545,75.6764,80.9355,236,-5.77,0.117,-1.95,,
254,Little Rock,OVC,33,19,98,104.9,0.3146,49.5,46.7,20.4,21.5,30.4,35.4,29,37.9,47.2,46.3,36.6,31.4,30.3,44.2,66.7,-10.1,0.575757576,65.366,69.9683,225,-4.93,0.021,-7.68,,
255,Cal St. Bakersfield,BW,33,14,105.3,112.8,0.3129,48.2,54.3,18.8,18.9,35.6,29.7,34.5,46.9,45.3,54.8,37.2,35.7,28.4,41.5,66,-13.8,0.424242424,69.498,74.448,245,-6.55,-0.02,-1.23,,
256,Presbyterian,BSth,32,14,103.1,110.5,0.3113,51.2,52.5,16.3,17.7,29.6,31.3,31.2,39.2,49.7,52.9,36,34.4,34.2,34.7,64.3,-13.9,0.4375,66.2933,71.0515,233,-5.58,-0.041,-2.39,,
257,Jackson St.,SWAC,34,16,100.3,107.6,0.3081,47.7,50.6,19.5,17.4,30.1,30,37.5,30.6,47.1,50.3,32.6,34.1,33.7,41.7,68.4,-10.6,0.470588235,68.6052,73.5984,246,-6.55,0.021,-4.77,,
258,Fresno St.,MWC,32,6,100.8,108.2,0.3057,46.1,54,17.7,18,27,34,36.4,23.5,45.6,56,31.3,34.2,35.3,43,70.7,-16.4,0.1875,71.2656,76.4974,259,-7.94,-0.008,5.67,,
259,Manhattan,MAAC,30,17,107.2,115.1,0.3048,50.7,50.5,17,15.2,32.6,31.9,31,25.9,50.3,51.8,34.2,32.5,41.9,42.3,67.4,-10.1,0.566666667,72.2528,77.5774,241,-6.26,-0.002,-8.46,,
260,Monmouth,CAA,33,13,103.8,111.7,0.3012,47.2,50.7,16.2,16.6,29.7,34.8,36.7,36.1,44.2,50.7,35.2,33.8,34.6,40.7,67.1,-14.5,0.393939394,69.6498,74.9507,268,-8.63,0.028,-1.92,,
261,Evansville,MVC,32,11,98.1,105.6,0.2992,48.8,50.2,17.7,16.7,22.6,29.2,31.1,34.6,51.5,49.4,29.9,34.1,40.6,44.9,66.9,-15.1,0.34375,65.6289,70.6464,254,-7.62,-0.021,1.4,,
262,Charlotte,Amer,33,11,104.2,112.2,0.2985,48.3,54.2,15.1,14.6,25.4,29.2,42.7,37,49.6,56.4,31,33.3,40.9,34.5,64.7,-16.4,0.333333333,67.4174,72.5934,257,-7.89,-0.009,-0.35,,
263,Mount St. Mary's,MAAC,34,22,99.4,107.5,0.2903,51,48,21.7,15.9,31.1,28.3,31,26.7,50.1,48.7,34.9,31.4,41,44.5,67.3,-8.2,0.647058824,66.8962,72.3475,243,-6.34,0.162,-6.61,16,63
264,UMass Lowell,AE,32,17,107,115.7,0.2901,54.6,51.6,18.1,14.7,26.1,30.3,31.6,25.2,56.3,50.5,34.2,35.6,34.6,34.7,68.6,-11.6,0.53125,73.402,79.3702,244,-6.42,-0.021,-7.52,,
265,North Florida,ASun,32,15,108,116.8,0.2882,53.2,54.1,15,14.7,27.9,34.2,24.8,31.1,54,54.5,35,35.5,54,31.1,72.2,-11.4,0.46875,77.976,84.3296,266,-8.42,0.049,-2.93,,
266,FIU,CUSA,33,10,96.1,103.9,0.2879,46.1,51.6,19.5,20.6,31,29.6,36,37.5,47.4,52.6,28.8,33.3,30.1,39.5,68.4,-17.4,0.303030303,65.7324,71.0676,255,-7.66,-0.05,0.12,,
267,Houston Christian,Slnd,32,12,100.4,108.6,0.2875,49.1,52.6,18,17.9,26,32,30.5,29.4,49.3,54.5,32.5,32.3,44,31.8,64.5,-14.7,0.375,64.758,70.047,272,-9.06,-0.006,-2.16,,
268,Gardner Webb,BSth,31,11,102.3,110.7,0.2867,51.9,52,20.8,14.8,33.4,30.2,36.2,37.2,53.1,54.2,33,32.3,33.1,38,69,-15,0.35483871,70.587,76.383,264,-8.22,-0.011,-2.36,,
269,Denver,Sum,32,11,99.9,108.4,0.2825,50.3,54.3,18.5,17.6,26.1,29.1,31.6,49.8,50.5,56.2,33.3,34.1,36.9,37.9,66.4,-15.9,0.34375,66.3336,71.9776,311,-12.79,0.005,-1.9,,
270,Siena,MAAC,32,14,102,110.6,0.2823,49.4,51.7,17.2,18.2,28.8,30,37.3,31.4,49.5,51.8,32.8,34.3,39.9,34.2,67,-14.6,0.4375,68.34,74.102,253,-7.58,-0.067,-6.95,,
271,Eastern Michigan,MAC,32,16,104.3,113.2,0.2791,52.4,53.7,18.7,17.8,29.6,31.7,33,38.5,52.4,51.9,35,37.7,38.2,38.8,67.1,-12.2,0.5,69.9853,75.9572,277,-9.37,0.115,-4.05,,
272,Colgate,Pat,33,14,104,113.1,0.277,54.2,53.3,16.7,16.3,23.7,26.9,22.6,25.5,54.6,51.5,35.7,37.3,42.2,40,67,-14.9,0.424242424,69.68,75.777,261,-7.97,-0.057,-5.69,,
273,Ball St.,MAC,31,14,103.4,112.5,0.2762,51.3,51.6,16.4,14.1,26.4,27.9,44.5,30.7,51,54.5,34.6,31.5,37.1,39.7,66.3,-13.8,0.451612903,68.5542,74.5875,274,-9.17,-0.056,-6.25,,
274,Alabama St.,SWAC,34,19,100.5,109.6,0.2698,47.1,50.3,13.2,18.6,28.3,31.1,29.9,38.7,45.4,50.4,32.9,33.4,42.9,39.5,67.6,-10.2,0.558823529,67.938,74.0896,269,-8.87,0.06,-7.94,16,64
275,Bowling Green,MAC,32,14,99.4,108.6,0.2656,49.9,52.6,17.5,17.3,25.6,27.4,34.5,29.8,49.6,54.6,33.5,33.2,39.7,42.4,68.7,-14.3,0.4375,68.2878,74.6082,289,-10.68,0.004,-6.37,,0
276,Albany,AE,33,17,103,112.5,0.2656,49.3,54.9,15.7,19.8,32.3,28.4,29.5,34.7,50.2,55.8,31.7,35.6,36,34.9,67.5,-12.9,0.515151515,69.525,75.9375,275,-9.2,0.018,-7.57,,0
277,Mercer,SC,33,14,98.2,107.4,0.2643,48.9,50.8,16.6,16.8,28.8,28.7,29.8,32.8,49.8,49.7,31.8,34.7,40.1,46,70.9,-14.5,0.424242424,69.6238,76.1466,258,-7.9,-0.014,-2.36,,0
278,Eastern Washington,BSky,32,10,101.8,111.3,0.2635,50.9,54.4,18.7,19,26.9,33.6,31.1,39.7,52.5,53.8,32.3,36.9,37.6,38.4,67,-16.4,0.3125,68.206,74.571,295,-11.3,0.002,-1.43,,0
279,Pacific,WCC,33,9,100.7,110.2,0.2616,48.1,53.2,19.3,15.4,28.8,28.2,32.8,37.1,50.3,52.9,29.7,35.8,37.8,39.5,66.5,-15.7,0.272727273,66.9655,73.283,284,-10.36,-0.033,2.34,,0
280,LIU,NEC,33,17,94.8,103.9,0.2581,47.7,48,20.1,19.2,32.3,27,27.6,43.5,48.8,48.8,30.3,31.2,33.4,39.8,64.8,-12.7,0.515151515,61.4304,67.3272,285,-10.42,-0.003,-10.79,,0
281,Western Michigan,MAC,32,12,101.8,111.7,0.2555,47,54.5,15.8,16.6,34.4,27.9,31,33.2,49.3,55,28.2,35.8,32.9,41,67.7,-14.9,0.375,68.9186,75.6209,290,-10.7,-0.008,-3.47,,0
282,Texas Southern,SWAC,32,15,95.4,104.9,0.253,47.5,47.4,19.8,19.6,30.5,34.7,28.9,36.2,46.2,46.5,33.1,32.6,35.8,41.3,69.9,-11.9,0.46875,66.6846,73.3251,278,-9.53,-0.049,-7.2,,0
283,Austin Peay,ASun,33,14,102,112.2,0.2505,48.7,53.8,14.8,16.8,25.8,31.2,28.9,36,47.1,52,34,37.9,40.2,35.9,65.9,-13.4,0.424242424,67.218,73.9398,280,-9.65,0.025,-2.26,,0
284,Marist,MAAC,30,20,96.5,106.2,0.2491,49.9,46.9,18.4,16.4,30.6,25.6,22.4,33.2,51.5,44.9,31.4,33.7,37.6,35.4,64,-8.1,0.666666667,61.76,67.968,273,-9.13,0.107,-10.37,,0
285,Tarleton St.,WAC,32,12,93.2,102.7,0.2483,45.9,52.1,25.1,23.3,28.1,33.9,41.5,48.3,45,52.9,32.2,33.9,25.6,42.2,65.5,-13.3,0.375,61.046,67.2685,288,-10.58,0.025,1.23,,0
286,Stephen F. Austin,Slnd,31,14,95.4,105.1,0.2462,46.7,49.2,22.2,20.2,34.6,33.1,32.3,34.1,48.8,47.8,28.7,34.4,36.9,37.1,67.3,-12.4,0.451612903,64.2042,70.7323,271,-8.98,0.055,-2.17,,0
287,Navy,Pat,34,15,101,111.5,0.2431,48,52.5,16.1,17.8,31.3,27.2,33.8,33.8,46.8,52.6,33.3,34.9,37.1,41.2,66.9,-16.2,0.441176471,67.569,74.5935,276,-9.28,-0.04,-8.13,,0
288,Tennessee Martin,OVC,33,14,102,112.6,0.2428,47.6,52.3,19.5,18.9,34.7,30.8,34.4,33.9,48.5,52,31.1,35,47.3,48.2,66.2,-15.5,0.424242424,67.524,74.5412,292,-10.9,-0.042,-7.33,,0
289,Air Force,MWC,32,4,98.7,109.3,0.2375,50.1,54.6,20.8,15.7,22.7,29,35.4,35.4,50.5,54.8,33.1,36.3,48.5,36.2,64.4,-19.2,0.125,63.5628,70.3892,310,-12.76,-0.085,4.86,,0
290,Tennessee Tech,OVC,32,15,101.1,111.9,0.237,50.7,49.6,17.4,15.2,25,32.4,28.8,22.2,49,50.6,35.1,31.9,46.4,34.1,67.8,-13.2,0.46875,68.5458,75.8682,303,-12.28,0.045,-7.83,,0
291,Weber St.,BSky,34,12,100.9,111.8,0.235,50.2,53.4,16.9,16.5,24.4,30.1,34.7,37.2,51.1,52.2,32.4,36.7,37.2,43,65.4,-17.1,0.352941176,65.9886,73.1172,300,-11.71,-0.011,-2.68,,0
292,San Diego,WCC,33,6,100.1,111,0.2333,45.7,54,18.4,18.5,29.9,31.6,30.5,46.1,46.3,51.6,29.7,38.5,35.8,38.3,70.9,-19.5,0.181818182,70.9709,78.699,297,-11.44,-0.074,0.76,,0
293,Old Dominion,SB,35,15,99.4,110.6,0.2266,44.1,51.2,16.9,16,36.4,32,30.9,35,45,51.2,28.3,34.1,35.8,35.3,66,-15.4,0.428571429,65.604,72.996,282,-10.21,0.033,-3.88,,0
294,Lafayette,Pat,33,13,97.6,108.7,0.2263,50.2,50.4,16.6,16.7,24,28,30.5,26.9,49.7,48.3,34,35.8,40.3,37.9,66.1,-16.8,0.393939394,64.5136,71.8507,291,-10.77,-0.077,-8.37,,0
295,Saint Peter's,MAAC,28,12,94.8,105.5,0.226,44.7,47.3,20.7,17.6,37,31,34.7,37.6,42.4,47,32.2,31.9,38.5,38,63.7,-13.4,0.428571429,60.3876,67.2035,298,-11.45,0.007,-7.19,,0
296,Bethune Cookman,SWAC,33,17,97.3,108.5,0.223,48.2,48.8,19.5,16.7,28.8,30,35.9,32.4,48.4,49.8,31.9,31.3,33.9,36.9,68.9,-10.2,0.515151515,67.0397,74.7565,286,-10.45,0.119,-5.52,,0
297,Oral Roberts,Sum,30,7,103.8,115.7,0.222,50,55,16.3,13.9,22.6,33.1,35,38.2,48.5,56.6,34.4,35,45.7,40.2,67.2,-17.3,0.233333333,69.7536,77.7504,330,-15.03,-0.006,0.1,,0
298,Utah Tech,WAC,33,7,101.7,113.7,0.2185,48.8,53,18.3,17.4,26.2,33.5,33.7,41.1,47.9,53.7,33.4,34.4,39.8,31.5,67.3,-19.8,0.212121212,68.4441,76.5201,301,-12.06,-0.062,-0.31,,0
299,Columbia,Ivy,27,12,104.2,116.5,0.2172,52.6,56.4,15.4,16.4,25.9,26.7,29.5,25.4,53.9,54.6,33.8,39.2,39.1,41.8,70.8,-11.4,0.444444444,73.7736,82.482,279,-9.6,-0.017,-5.11,,0
300,Lehigh,Pat,30,11,99.5,111.3,0.2161,51.1,50.7,15.6,16.1,21.4,29.1,31.5,33.9,49.1,53,36.4,31.2,37.3,36.7,67.1,-15.3,0.366666667,66.7645,74.6823,283,-10.22,-0.097,-6.37,,0
301,Saint Francis,NEC,33,16,99.9,112,0.2114,51.6,51.3,19.6,16.4,25.4,30,23.8,28.7,52.6,53.4,33.4,32.3,41.9,43.2,67.2,-12.2,0.484848485,67.1328,75.264,309,-12.76,0.06,-6.88,,0
302,Howard,MEAC,32,12,103.1,115.7,0.21,53.5,52.3,21.2,16.5,29,33.8,35.7,40.9,52.6,53.1,36.6,33.8,38.4,33.5,69.6,-15.6,0.375,71.7576,80.5272,314,-13.27,0,-6.75,,0
303,Penn,Ivy,27,8,103.1,115.7,0.209,49.4,53,16.4,13.4,26.8,29.7,28.9,25.8,49.9,50.8,32.6,37.5,44.4,39.2,66.8,-13.9,0.296296296,68.8708,77.2876,294,-11.1,-0.011,-1.56,,0
304,Fairleigh Dickinson,NEC,33,13,97.7,109.7,0.2073,49.1,50.5,17.1,17.6,25.9,32,32.1,30.4,49.7,53.3,32.2,30.3,41.5,35.6,69.2,-15.8,0.393939394,67.6084,75.9124,306,-12.5,-0.073,-7.97,,0
305,Louisiana,SB,33,12,97.4,109.7,0.2042,45.7,51.3,16,19.1,25.9,35.5,29.8,43.8,45,53.8,31.3,31.5,38.1,36.9,66.2,-15.9,0.363636364,64.4788,72.6214,313,-13.2,0.085,-2.18,,0
306,Southern Miss,SB,33,11,96.4,108.6,0.2021,47.9,50.2,19.5,16.1,28.1,30.2,33.8,35.4,49.8,51.2,29.8,32.5,36.9,38.4,70.7,-17.2,0.333333333,68.1548,76.7802,293,-11.03,-0.007,-2.17,,0
307,Rider,MAAC,33,14,101.8,114.8,0.2013,47.7,53.1,17.2,16,32.2,30.7,29.6,27.3,48.1,52.8,31.2,35.7,30.1,40.9,64.8,-14.7,0.424242424,65.9664,74.3904,315,-13.31,0.074,-6.51,,0
308,Charleston Southern,BSth,32,10,99,111.6,0.2007,48.7,53.4,19.9,13.5,31.2,28.2,43.9,33.3,50.7,55.4,30.7,32.4,42,29.2,67.5,-16.1,0.3125,66.825,75.33,302,-12.13,0.04,-0.23,,0
309,Long Beach St.,BW,32,7,100.7,113.6,0.2,49.2,53.4,21.7,17.1,28.5,34.9,35.5,35.2,47,51.2,35.3,38.1,37.1,37.6,64,-18.9,0.21875,64.448,72.704,308,-12.56,-0.071,0.53,,0
310,Loyola MD,Pat,31,12,99.7,112.7,0.1972,50.1,52.8,17.7,16.9,28.6,27.9,29.3,30.2,50.7,52.9,32.9,35.1,39.6,35.7,66.5,-16.1,0.387096774,66.3005,74.9455,305,-12.42,-0.03,-8.22,,0
311,VMI,SC,34,15,98.4,111.3,0.1947,48.5,54.2,18,17.6,25.2,32.1,37.5,30.5,50.3,56.3,31,34.5,46.9,47.5,68,-14.8,0.441176471,66.912,75.684,287,-10.49,0.027,-2.5,,0
312,Army,Pat,31,16,100.1,113.4,0.1935,49.7,53.7,14.7,16,25.8,29.3,25.8,27.1,52.1,55.2,30.8,34.5,41.1,42.2,67.5,-12,0.516129032,67.5675,76.545,318,-13.67,0.126,-7.53,,0
313,Delaware St.,MEAC,30,16,100.9,114.3,0.1923,48.8,53.8,18.1,20,34,32.1,36.3,40.3,47.6,56.3,35.5,33.5,20.7,41.1,70.1,-11,0.533333333,70.7309,80.1243,307,-12.55,0.054,-8.58,,0
314,IU Indy,Horz,32,10,109,123.5,0.1921,50.4,57,15.7,16,30.6,33.6,34.1,35.1,46.2,57.8,36.8,37.3,47.3,40.8,64.8,-17.7,0.3125,70.632,80.028,312,-12.98,-0.073,-3.23,,0
315,Eastern Illinois,OVC,31,12,93.3,105.8,0.1912,44.1,51,18.7,20.8,30,30.9,33,39.7,42.6,50.2,31.7,34.7,29.7,44.4,66.1,-14.5,0.387096774,61.6713,69.9338,316,-13.31,0.003,-5.68,,0
316,Binghamton,AE,32,15,98.8,112.1,0.1891,51.6,49.7,19.6,12.8,26.9,26.9,33.7,31.9,50.6,51.1,35.4,31.8,36.2,40.3,65.5,-14.2,0.46875,64.714,73.4255,320,-13.97,0.056,-7.65,,0
317,Boston University,Pat,32,16,98.1,111.4,0.189,50.2,52.4,20.6,16.7,32.5,23.4,30.7,32,50.7,51.2,33,36.1,41.9,40.2,63.2,-13.2,0.5,61.9992,70.4048,304,-12.35,0.061,-8.45,,0
318,UMBC,AE,32,13,104.8,119,0.1873,55.2,54.1,15.9,17.4,19.4,33.7,31.6,27.9,53.8,54.2,38.4,35.8,38.4,34.4,70.4,-15.7,0.40625,73.7792,83.776,299,-11.56,-0.072,-7.64,,0
319,Lindenwood,OVC,33,16,94.5,107.6,0.1826,45,50.7,17.9,19.4,30,31.5,36,34.7,47.6,50,26.7,34.6,34.6,37.5,69.4,-12.9,0.484848485,65.583,74.6744,327,-14.66,0.108,-7.46,,0
320,North Carolina Central,MEAC,33,14,102.4,116.7,0.1823,50.1,54.8,19.2,21,34.6,38.8,39.8,42,49.9,57.6,33.7,32.7,34,32.8,66.9,-15.4,0.424242424,68.5056,78.0723,324,-14.41,0.015,-6.96,,0
321,Morehead St.,OVC,32,15,98,111.7,0.1818,45.9,50.3,18.4,14.4,31.2,25.4,37.6,34.7,45.5,49.9,31.2,34.1,34.1,33.4,64,-13.2,0.46875,62.72,71.488,328,-14.69,0.079,-6.88,,0
322,Alcorn St.,SWAC,32,11,97.3,110.9,0.1816,46.1,53,19.6,18.3,33.6,32.5,30.4,31.5,45.4,54.6,31.8,34.1,29.6,45.3,64.7,-15,0.34375,62.9531,71.7523,325,-14.52,-0.01,-4.77,,0
323,Grambling St.,SWAC,34,12,95.3,108.6,0.1816,47.3,49.3,19.2,18.3,26.3,31.1,35.1,31.3,46.9,47,32,35.7,35,35.6,63.8,-16.9,0.352941176,60.8014,69.2868,319,-13.72,-0.074,-8.01,,0
324,Coastal Carolina,SB,32,10,100.8,115,0.1789,49.4,48.6,18.4,10.5,29,28.7,34.4,36.9,47.7,48.5,34.8,32.5,39.2,36.3,63.1,-18.3,0.3125,63.6048,72.565,329,-14.84,-0.048,-4.9,,0
325,Southern Utah,WAC,31,12,95.8,109.4,0.1787,46.8,49.9,21.6,15.1,30.1,32,36.2,33,47.2,49.8,30.5,33.3,32.6,27.7,68.9,-13.6,0.387096774,66.0062,75.3766,296,-11.36,0.032,-1.57,,0
326,Florida A&M,SWAC,31,14,101.9,116.4,0.178,50.6,51.4,20.7,15.4,27.7,31.9,36.7,39.9,50.8,51.5,33.6,34.2,46.6,36.5,67.1,-10.8,0.451612903,68.3749,78.1044,317,-13.62,0.063,-6.1,,0
327,Niagara,MAAC,31,11,100.6,115.3,0.1724,52,53,18.6,16.8,23.6,27.3,30.4,29.8,51.8,51.8,34.9,36.7,42.8,38.4,64.8,-16.8,0.35483871,65.1888,74.7144,322,-14.15,-0.022,-8.11,,0
328,Stonehill,NEC,32,15,99.9,115,0.166,51.1,50.9,18.3,16.2,26.4,29.4,31.4,32.7,49.4,50.1,35.4,34.9,44.5,33.3,65.1,-13.8,0.46875,65.0349,74.865,323,-14.24,0.031,-9.69,,0
329,Holy Cross,Pat,32,13,100.7,115.8,0.1657,53.1,53.5,17.9,13.6,23.3,27,22.2,25.4,49.6,54.5,38.6,34.5,42.3,37.8,65.8,-15.6,0.40625,66.2606,76.1964,321,-13.99,0.038,-6.4,,0
330,Green Bay,Horz,32,4,100.4,115.8,0.1624,50.9,54.8,18,14.6,18.4,32,37,35.4,52.2,54.1,32.9,37.3,46.2,39.4,69.1,-22.9,0.125,69.3764,80.0178,332,-15.72,-0.05,-0.92,,0
331,Stony Brook,CAA,32,8,101.6,117.3,0.1607,47.7,56,18.3,14.9,29.5,31.2,31.6,28.4,45.7,57.2,33.8,36.3,39,42.3,64.4,-19.6,0.25,65.4304,75.5412,333,-15.87,-0.017,-3.33,,0
332,Texas A&M Commerce,Slnd,31,5,96.2,111.2,0.1583,49.2,53.8,22.5,19.9,28.1,35.9,28,36.5,51.1,52.6,31.4,37.4,48.3,34.6,67.4,-20.2,0.161290323,64.8388,74.9488,326,-14.59,-0.027,-0.77,,0
333,Mercyhurst,NEC,31,15,100,115.8,0.1558,48.6,55,16.4,20.3,22.2,33.3,30.9,38.3,45.8,56,35.7,35.7,36.4,39.8,64.5,-12.6,0.483870968,64.5,74.691,342,-17.89,0.099,-9.32,,0
334,USC Upstate,BSth,32,6,99.1,114.9,0.1541,49.8,56.1,19,16.6,25.3,32.4,30.4,39.5,53.1,58.3,29.4,35.2,36.9,40.2,72.7,-21.1,0.1875,72.0457,83.5323,340,-17.59,-0.021,-0.87,,0
335,Fairfield,MAAC,32,12,97.3,113.3,0.1481,46.3,53.7,15.5,18.2,28.6,31,25.4,31,45.8,53.4,31.5,36,38.3,36.9,65.8,-17,0.375,64.0234,74.5514,334,-16.01,0.07,-6.52,,0
336,Southern Indiana,OVC,30,10,98.6,114.8,0.1481,47.9,51.8,17.2,16.7,27.9,31.3,30.7,35.6,45.4,50,35.2,36.7,33.5,36.5,66.9,-17.5,0.333333333,65.9634,76.8012,335,-16.49,-0.027,-7.82,,0
337,Morgan St.,MEAC,32,14,100.4,117,0.1479,49,52.4,17.9,17,34.1,36.9,35.7,39.1,49.5,51,31.6,36.8,21.7,34.3,70.3,-14.5,0.4375,70.5812,82.251,331,-15.46,0.012,-8.92,,0
338,Bellarmine,ASun,31,5,103.5,120.5,0.1472,53.7,58.1,17.4,15.4,20.2,30,26.5,34.9,53.9,57.8,35.6,39,43.2,47.4,66.2,-21.2,0.161290323,68.517,79.771,347,-18.18,-0.109,-4.32,,0
339,North Carolina A&T,CAA,32,7,96.4,112.6,0.1442,45.8,51.5,15.4,15.3,27,31.4,31.2,30,46.3,52.4,30,33.3,36,38.5,69.3,-20.2,0.21875,66.8052,78.0318,336,-16.53,0,-3.22,,0
340,Wagner,NEC,30,14,93.1,109.1,0.139,43.7,50.4,19.4,18.2,31.7,25,29.3,39.9,41.5,50.8,31.6,33.2,37.6,42.9,60.1,-13.1,0.466666667,55.9531,65.5691,346,-18.14,0.061,-10.41,,0
341,Western Carolina,SC,30,8,95.4,112.4,0.1324,45.4,51.1,19,13.5,25.7,29.4,27,34,46.3,52.8,29.7,32.6,48.2,44,70.4,-16.7,0.266666667,67.1616,79.1296,338,-16.99,0.011,0.15,,0
342,Western Illinois,OVC,31,12,99.1,116.8,0.132,50.1,51.1,18.2,14.4,28.1,31.8,27.2,30.6,46.7,50.2,37.3,35.1,37.2,34.8,64.4,-16.4,0.387096774,63.8204,75.2192,345,-18.12,0.037,-7.92,,0
343,West Georgia,ASun,31,6,97.1,114.5,0.1309,47.2,56.1,16.3,16.6,26.1,29.2,28.8,36.3,48.4,56.9,29.7,36.8,30.1,43.7,68,-20.2,0.193548387,66.028,77.86,350,-18.79,0.012,-2.79,,0
344,Louisiana Monroe,SB,32,7,96.5,114.5,0.1228,45,53.6,17.1,16.1,29,32.5,31.1,25.1,43.1,55.8,32.5,34,33.9,45.1,67.7,-21,0.21875,65.3305,77.5165,344,-18.1,-0.028,-3.42,,0
345,Buffalo,MAC,31,9,95.4,113.2,0.1227,48.8,54.2,19.5,16.2,24.8,31.3,32.7,31.2,51.3,53.4,30.5,37.2,43.9,35.2,70.6,-17.3,0.290322581,67.3524,79.9192,339,-17.44,0.028,-3.03,,0
346,Detroit Mercy,Horz,32,8,94.6,112.3,0.1216,45.6,51.2,19.1,15.5,31.9,30.5,28.9,39.8,43.9,52.4,33.3,33.2,28.4,47,67,-19.2,0.25,63.382,75.241,337,-16.67,0.028,-1.79,,0
347,Le Moyne,NEC,32,9,102.7,122.2,0.1189,51.5,54.7,19.6,16.3,25.7,32.9,37.7,36.9,53.2,54.1,32.8,37,41.3,41.4,68.6,-19.2,0.28125,70.4522,83.8292,354,-20.7,0.004,-7.34,,0
348,Sacramento St.,BSky,32,7,95.4,113.6,0.1187,48,55.1,20.3,17.1,27.4,27.6,31.3,39.2,49.1,55.2,31.2,36.6,44.9,46,65.3,-20.8,0.21875,62.2962,74.1808,348,-18.24,-0.02,-3.9,,0
349,Northern Illinois,MAC,31,6,94,112.1,0.1168,47.1,53.2,16.3,16.6,17.8,30.8,31.6,44,45.3,51,32.7,38,49.2,37.5,68.9,-21.1,0.193548387,64.766,77.2369,343,-17.91,-0.091,-3.28,,0
350,New Orleans,Slnd,31,4,98.8,117.9,0.1161,45.9,54.9,18.8,16.1,31.6,35.5,33.9,26.6,46,55.1,30.4,36.4,30.7,42.4,69.2,-20,0.129032258,68.3696,81.5868,341,-17.83,-0.016,1.43,,0
351,Central Arkansas,ASun,33,9,97.4,116.6,0.1122,47.4,56.8,18.2,16.7,28.6,30,28.8,22.6,50.2,55.4,29.6,38.7,47.8,52.1,66.3,-18.2,0.272727273,64.5762,77.3058,349,-18.65,0.036,-3.09,,0
352,Stetson,ASun,32,8,99.2,119,0.1092,50.2,53.1,18.7,13.1,24.1,34.3,33.1,27.7,50.2,52.6,33.5,35.9,37.7,41.4,67.6,-19.3,0.25,67.0592,80.444,352,-19.8,-0.015,-4.89,,0
353,NJIT,AE,31,6,94,113.5,0.1024,45.3,50,18,13.8,27.7,31.8,27.4,38.6,45,51.9,30.5,31,37.8,35.2,66.3,-21.6,0.193548387,62.322,75.2505,353,-20.41,-0.054,-6.65,,0
354,Cal St. Fullerton,BW,32,6,92.1,111.7,0.0973,44.2,54.3,21.3,16.1,25.9,29.8,39.2,34.1,46.1,55.9,27,34.9,34.1,45.8,68,-19.3,0.1875,62.628,75.956,351,-18.87,-0.02,1.63,,0
355,Canisius,MAAC,31,3,99.1,121.1,0.0912,51.2,56.9,18.5,16.4,18.3,34.3,23.3,31.4,48.4,58.7,36.7,36.2,41.4,40.9,66.1,-23.4,0.096774194,65.5051,80.0471,359,-23.01,-0.078,-4.89,,0
356,New Hampshire,AE,32,8,93.8,115.1,0.0873,47.1,54.4,19,16.9,27.4,31.6,26.4,33,46.8,56.4,31.7,34.1,40.8,39.7,67.6,-20.5,0.25,63.4088,77.8076,356,-21.72,0.019,-6.17,,0
357,Prairie View A&M,SWAC,32,5,95.9,117.7,0.0867,48.2,56.2,16.7,20,24.5,39.1,33.8,40.5,48.6,57.6,31.5,35.7,33.7,32.7,70.3,-21.3,0.15625,67.4177,82.7431,357,-21.97,-0.062,-5.29,,0
358,Alabama A&M,SWAC,32,10,92.8,114.9,0.0793,45.1,54.3,21.9,21,33.9,34.6,38.6,46.7,44.3,51.8,30.8,39,41.6,37.5,70.7,-18.8,0.3125,65.6096,81.2343,360,-23.36,-0.022,-9.57,,0
359,Maryland Eastern Shore,MEAC,31,6,94.8,118.8,0.0699,45.7,55.3,19.7,15.5,27.1,34.1,35.6,40.6,44.7,58.6,31.5,33.3,37.2,37.7,66,-19.5,0.193548387,62.568,78.408,358,-22.62,-0.113,-3.06,,0
360,The Citadel,SC,30,5,93.6,117.5,0.0687,46.9,54.5,19.5,15.2,27.2,32,32.8,32.8,49.5,56.3,29.2,34.7,45.2,42.7,64.5,-21.5,0.166666667,60.372,75.7875,355,-21.7,-0.134,-3.15,,0
361,Chicago St.,NEC,32,4,92.5,116.1,0.0682,44.4,54.9,18.5,18.2,22.6,33.6,26.8,36.9,43.4,55.7,30.6,35.8,40.9,39.4,68.5,-21.8,0.125,63.3625,79.5285,362,-24.4,-0.024,-3.35,,0
362,Coppin St.,MEAC,30,6,87.8,112.4,0.055,44,55.6,21.6,20.5,26.5,33.9,36.4,37.1,44.2,56.3,29,36.3,32.1,38.8,67.9,-19,0.2,59.6162,76.3196,361,-24.4,0.033,-4.43,,0
363,Arkansas Pine Bluff,SWAC,31,6,95,121.7,0.0549,50.3,56.3,20.4,16.8,26.3,34.6,32.8,40.5,52.6,58.5,31,35.7,37.9,44.9,71.6,-20.1,0.193548387,68.02,87.1372,363,-25.94,-0.074,-8.48,,0
364,Mississippi Valley St.,SWAC,31,3,82.9,125.2,0.0086,42.1,57.9,24.3,15,22.7,38,30.3,38.4,41.6,58.8,28.8,37.7,30.6,38.4,64.8,-21,0.096774194,53.7192,81.1296,364,-42.12,-0.016,-3.46,,0
